dynId,dynStaId,dynRetId,dynCrlId,dynPrice,dynStockStatus,dynSeller,dynShippedBy,dynShipPrice,dynAnsweredQuestions,dynRating,dynReviewCount,dynStockMessage,dynZipCode,dynCrawlTime,staId,staUrlId
1,2,1,2,720,0,EverythingMusic,EverythingMusic,0,0,0,0,"Only 5 left in stock - order soon.",02128,"2019-02-05 13:47:28",2,4
2,3,1,3,520,0,"Front Row Electronics","Front Row Electronics",0,0,0,0,"Only 8 left in stock - order soon.",02128,"2019-02-05 13:47:49",3,5
3,5,1,10,179,1,n-electronic,n-electronic,30,0,0,0,"In Stock.",02108,"2019-02-05 14:00:31",5,7
4,5,1,11,179,1,n-electronic,n-electronic,30,0,0,0,"In Stock.",02108,"2019-02-05 14:01:23",5,7
5,5,1,15,179,1,n-electronic,n-electronic,30,0,0,0,"In Stock.",02108,"2019-02-05 14:07:54",5,7
6,5,1,16,179,1,n-electronic,n-electronic,30,0,0,0,"In Stock.",02108,"2019-02-05 14:08:26",5,7
7,5,1,17,179,1,n-electronic,n-electronic,30,0,0,0,"In Stock.",02108,"2019-02-05 14:08:35",5,7
8,5,1,18,179,1,n-electronic,n-electronic,30,0,0,0,"In Stock.",02108,"2019-02-05 14:08:40",5,7
9,5,1,19,179,1,n-electronic,n-electronic,30,0,0,0,"In Stock.",02108,"2019-02-05 14:08:44",5,7
10,5,1,20,179,1,n-electronic,n-electronic,30,0,0,0,"In Stock.",02108,"2019-02-05 14:08:49",5,7
11,5,1,21,179,1,n-electronic,n-electronic,30,0,0,0,"In Stock.",02108,"2019-02-05 14:10:37",5,7
12,7,1,23,620,0,EverythingMusic,EverythingMusic,0,0,0,0,"Only 5 left in stock - order soon.",02128,"2019-02-05 14:13:01",7,10
13,8,1,24,150,0,GearTree,GearTree,0,0,0,0,"Only 2 left in stock - order soon.",02128,"2019-02-05 14:13:06",8,11
14,9,1,25,239,0,GearTree,GearTree,0,0,0,0,"Only 2 left in stock - order soon.",02128,"2019-02-05 14:13:11",9,12
15,10,1,26,99,0,GearTree,GearTree,0,0,0,0,"Only 1 left in stock - order soon.",02128,"2019-02-05 14:13:16",10,13
16,11,1,27,179,1,n-electronic,n-electronic,30,0,0,0,"In Stock.",02108,"2019-02-05 14:13:22",11,14
17,12,1,28,199,0,GearTree,GearTree,0,0,0,0,"Only 2 left in stock - order soon.",02128,"2019-02-05 14:13:27",12,20
18,13,1,29,99,0,GearTree,GearTree,0,0,0,0,"Only 1 left in stock - order soon.",02128,"2019-02-05 14:13:32",13,21
19,14,1,30,99,0,GearTree,GearTree,0,0,0,0,"Only 3 left in stock - order soon.",02128,"2019-02-05 14:13:36",14,22
20,17,1,33,649,0,GearTree,"[!Error: shipped_by Not Found]",0,0,5,1,"Only 2 left in stock - order soon.",02128,"2019-02-05 14:18:36",17,25
21,18,1,34,899,0,GearTree,"[!Error: shipped_by Not Found]",0,0,0,0,"Only 1 left in stock - order soon.",02128,"2019-02-05 14:18:41",18,26
22,19,1,35,300,0,"Front Row Electronics","[!Error: shipped_by Not Found]",0,0,4,2,"Only 2 left in stock - order soon.",02108,"2019-02-05 14:18:48",19,27
23,21,1,37,0,0,"[!Error: seller Could Not Parse]","
    


    
    
        




    


    

    
    
    
    
    
    
    
        
    
    

        
        
        
        
        
        

        
            
        

        







        



    

",0,0,5,13,"Available from these sellers.",02108,"2019-02-05 14:19:42",21,29
24,22,1,38,249,0,GearTree,"[!Error: shipped_by Not Found]",0,0,0,0,"Only 4 left in stock - order soon.",02128,"2019-02-05 14:19:47",22,30
25,23,1,39,700,0,EverythingMusic,"[!Error: shipped_by Not Found]",0,0,0,0,"Only 2 left in stock - order soon.",02128,"2019-02-05 14:19:52",23,33
26,24,1,40,0,0,"Chuck Levin's Washington Music Center","[!Error: shipped_by Not Found]",0,0,5,1,"Only 2 left in stock - order soon.",02128,"2019-02-05 14:19:57",24,34
27,25,1,41,0,0,"[!Error: seller Could Not Parse]","
    


    
    
        




    


    

    
    
    
    
    
    
    
        
    
    

        
        
        
        
        
        

        
            
        

        







        



    

",0,0,0,0,"Available from these sellers.",02128,"2019-02-05 14:20:02",25,35
28,26,1,42,0,0,"[!Error: seller Could Not Parse]","
    


    
    
        




    


    

    
    
    
    
    
    
    
        
    
    

        
        
        
        
        
        

        
            
        

        







        



    

",0,0,4,1,"Available from these sellers.",02108,"2019-02-05 14:20:09",26,36
29,27,1,43,960,0,"Austin Bazaar","[!Error: shipped_by Not Found]",0,0,0,0,"Only 2 left in stock - order soon.",02128,"2019-02-05 14:20:13",27,38
30,28,1,44,259,0,GearTree,"[!Error: shipped_by Not Found]",0,0,0,0,"Only 8 left in stock - order soon.",02128,"2019-02-05 14:20:18",28,39
31,29,1,45,0,0,"Austin Bazaar","[!Error: shipped_by Not Found]",0,0,0,0,"Only 7 left in stock - order soon.",02128,"2019-02-05 14:20:23",29,40
32,30,1,46,135,0,GearTree,"[!Error: shipped_by Not Found]",0,0,0,0,"Only 2 left in stock - order soon.",02128,"2019-02-05 14:20:28",30,41
33,31,1,47,520,0,GearTree,"[!Error: shipped_by Not Found]",0,0,0,0,"Only 2 left in stock - order soon.",02128,"2019-02-05 14:20:33",31,42
34,32,1,48,400,0,"Alto Music","[!Error: shipped_by Not Found]",0,0,0,0,"Only 3 left in stock - order soon.",02128,"2019-02-05 14:20:38",32,49
36,34,1,50,0,0,"[!Error: seller Could Not Parse]","
    


    
    
        




    


    

    
    
    
    
    
    
    
        
    
    

        
        
        
        
        
        

        
            
        

        







        



    

",0,0,0,0,"Available from these sellers.",02128,"2019-02-05 14:20:47",34,51
37,35,1,51,25,0,"Pirates Rock Apparel","[!Error: shipped_by Not Found]",4,0,0,0,"Only 15 left in stock - order soon.",02128,"2019-02-05 14:20:52",35,52
38,36,1,52,649,0,pixelproaudio,"[!Error: shipped_by Not Found]",0,0,0,0,"Only 4 left in stock - order soon.",02128,"2019-02-05 14:20:57",36,53
39,37,1,53,179,1,n-electronic,"[!Error: shipped_by Not Found]",30,0,0,0,"In Stock.",02108,"2019-02-05 14:21:04",37,54
40,38,1,54,140,1,n-electronic,"[!Error: shipped_by Not Found]",30,0,0,0,"In Stock.",02108,"2019-02-05 14:21:10",38,57
41,39,1,55,0,0,Proaudiostar,"[!Error: shipped_by Not Found]",0,0,0,0,"Only 3 left in stock - order soon.",02128,"2019-02-05 14:21:15",39,63
42,40,1,56,0,0,"[!Error: seller Could Not Parse]","
    


    
    
        




    


    

    
    
    
    
    
    
    
        
    
    

        
        
        
        
        
        

        
            
        

        







        



    

",0,0,0,0,"Available from these sellers.",02128,"2019-02-05 14:21:20",40,64
43,41,1,57,359,0,GearTree,"[!Error: shipped_by Not Found]",0,0,0,0,"Only 2 left in stock - order soon.",02128,"2019-02-05 14:21:24",41,65
44,42,1,58,249,0,GearTree,"[!Error: shipped_by Not Found]",0,0,0,0,"Only 1 left in stock - order soon.",02128,"2019-02-05 14:21:29",42,66
45,43,1,59,450,0,GearTree,"[!Error: shipped_by Not Found]",0,0,0,0,"Only 2 left in stock - order soon.",02128,"2019-02-05 14:21:34",43,67
46,44,1,60,179,1,n-electronic,"[!Error: shipped_by Not Found]",30,0,0,0,"In Stock.",02108,"2019-02-05 14:21:40",44,68
47,45,1,61,649,0,"8th Street Music","[!Error: shipped_by Not Found]",0,0,0,0,"Only 1 left in stock - order soon.",02128,"2019-02-05 14:21:45",45,70
48,47,1,63,179,1,n-electronic,"[!Error: shipped_by Not Found]",30,0,5,1,"In Stock.",02108,"2019-02-05 14:48:59",47,72
49,48,1,64,42,0,Amazon.com,Amazon.com,0,0,5,1,"Only 1 left in stock (more on the way).",02128,"2019-02-05 14:49:04",48,75
51,50,1,66,180,0,GearTree,"[!Error: shipped_by Not Found]",0,0,0,0,"Only 2 left in stock - order soon.",02128,"2019-02-05 14:49:14",50,77
52,51,1,67,520,0,Kraft-Music,"[!Error: shipped_by Not Found]",0,0,0,0,"Only 2 left in stock - order soon.",02128,"2019-02-05 14:49:19",51,78
53,52,1,68,0,0,"Turntable Lab",Amazon.com,0,0,4,8,"Only 1 left in stock - order soon.",02128,"2019-02-05 14:49:24",52,79
54,53,1,69,99,0,GearTree,"[!Error: shipped_by Not Found]",0,0,0,0,"Only 4 left in stock - order soon.",02128,"2019-02-05 14:49:28",53,80
55,54,1,70,200,0,Audiosavings,"[!Error: shipped_by Not Found]",0,0,5,1,"Only 1 left in stock - order soon.",02128,"2019-02-05 14:49:33",54,81
56,55,1,71,199,0,GearTree,"[!Error: shipped_by Not Found]",0,0,0,0,"Only 4 left in stock - order soon.",02128,"2019-02-05 14:49:38",55,82
57,56,1,72,299,0,Kraft-Music,"[!Error: shipped_by Not Found]",0,0,0,0,"Only 1 left in stock - order soon.",02128,"2019-02-05 14:49:43",56,83
58,57,1,73,0,0,"Chicago Music Exchange","[!Error: shipped_by Not Found]",0,0,4,4,"Only 1 left in stock - order soon.",02108,"2019-02-05 14:49:50",57,84
59,58,1,74,629,0,Kraft-Music,"[!Error: shipped_by Not Found]",0,0,0,0,"Only 2 left in stock - order soon.",02128,"2019-02-05 14:49:55",58,85
60,59,1,75,0,0,Kraft-Music,"[!Error: shipped_by Not Found]",0,0,5,2,"Only 5 left in stock - order soon.",02128,"2019-02-05 14:50:01",59,86
61,60,1,78,150,1,Audiosavings,"[!Error: shipped_by Not Found]",0,0,5,1,"In Stock.",02128,"2019-02-05 14:50:14",60,89
62,61,1,79,279,0,GearNuts,"[!Error: shipped_by Not Found]",0,0,5,1,"Only 1 left in stock - order soon.",02128,"2019-02-05 14:50:19",61,90
63,63,1,81,999,0,GearNuts,"[!Error: shipped_by Not Found]",0,0,5,2,"Only 2 left in stock - order soon.",02108,"2019-02-05 14:51:23",63,92
65,65,1,83,500,0,AudioTopia,Amazon.com,0,0,0,0,"Only 3 left in stock - order soon.",02128,"2019-02-05 14:51:33",65,97
66,66,1,84,549,0,GearTree,"[!Error: shipped_by Not Found]",0,0,0,0,"Only 2 left in stock - order soon.",02128,"2019-02-05 14:51:38",66,98
67,67,1,85,0,0,EverythingMusic,"[!Error: shipped_by Not Found]",0,0,0,0,"Only 1 left in stock - order soon.",02128,"2019-02-05 14:51:43",67,99
68,68,1,86,0,0,"[!Error: seller Could Not Parse]","
    


    
    
        




    


    

    
    
    
    
    
    
    
        
    
    

        
        
        
        
        
        

        
            
        

        







        



    

",0,0,0,0,"Available from these sellers.",02128,"2019-02-05 14:51:48",68,100
69,69,1,87,0,0,"[!Error: seller Could Not Parse]","
    


    
    
        




    


    

    
    
    
    
    
    
    
        
    
    

        
        
        
        
        
        

        
            
        

        







        



    

",0,0,0,0,"Available from these sellers.",02128,"2019-02-05 14:51:53",69,101
70,70,1,89,0,0,"[!Error: seller Could Not Parse]","
    


    
    
        




    


    

    
    
    
    
    
    
    
        
    
    

        
        
        
        
        
        

        
            
        

        







        



    

",0,0,0,0,"Available from these sellers.",02128,"2019-02-05 14:52:02",70,103
71,71,1,90,900,0,GearTree,"[!Error: shipped_by Not Found]",0,0,0,0,"Only 1 left in stock - order soon.",02128,"2019-02-05 14:52:07",71,104
72,72,1,91,400,0,EverythingMusic,"[!Error: shipped_by Not Found]",0,0,0,0,"Only 5 left in stock - order soon.",02128,"2019-02-05 14:52:11",72,105
73,73,1,92,214,0,Audiosavings,"[!Error: shipped_by Not Found]",0,0,4,1,"Only 3 left in stock - order soon.",02128,"2019-02-05 14:52:16",73,106
75,75,1,97,149,0,GearTree,"[!Error: shipped_by Not Found]",0,0,0,0,"Only 1 left in stock - order soon.",02128,"2019-02-05 14:52:39",75,114
76,76,1,99,179,0,GearTree,"[!Error: shipped_by Not Found]",0,0,0,0,"Only 1 left in stock - order soon.",02128,"2019-02-05 14:52:48",76,116
77,77,1,100,143,0,Kraft-Music,"[!Error: shipped_by Not Found]",0,0,0,0,"Only 1 left in stock - order soon.",02128,"2019-02-05 14:52:52",77,117
78,78,1,101,179,1,n-electronic,"[!Error: shipped_by Not Found]",30,0,0,0,"In Stock.",02108,"2019-02-05 14:52:59",78,118
79,79,1,103,169,1,n-electronic,"[!Error: shipped_by Not Found]",30,0,0,0,"In Stock.",02108,"2019-02-05 14:53:10",79,125
81,81,1,105,70,1,Dubreq,Amazon.com,0,8,4,36,"In Stock.",02108,"2019-02-05 14:53:24",81,132
82,82,1,106,150,0,GK_store,Amazon.com,0,128,4,279,"Only 15 left in stock - order soon.",02108,"2019-02-05 14:53:33",82,133
83,83,1,107,73,1,Hamee,"[!Error: shipped_by Not Found]",0,19,4,77,"In Stock.",02108,"2019-02-05 14:53:41",83,134
84,84,1,108,48,1,Amazon.com,Amazon.com,0,40,4,244,"In Stock.",02108,"2019-02-05 14:53:49",84,135
85,85,1,109,294,1,Amazon.com,Amazon.com,0,4,5,5,"In Stock.",02118,"2019-02-05 14:53:54",85,136
86,86,1,110,30,1,Amazon.com,Amazon.com,0,0,4,12,"In Stock.",02108,"2019-02-05 14:54:00",86,137
87,87,1,111,100,0,"Burns Theremins","[!Error: shipped_by Not Found]",0,26,4,59,"Only 4 left in stock - order soon.",02108,"2019-02-05 14:54:07",87,138
88,88,1,112,330,0,PitbullAudio,Amazon.com,0,4,5,3,"Only 3 left in stock - order soon.",02134,"2019-02-05 14:54:12",88,139
91,91,1,115,899,0,Amazon.com,Amazon.com,0,0,5,4,"Only 6 left in stock (more on the way).",02108,"2019-02-05 14:54:31",91,142
92,92,1,116,275,0,Amazon.com,Amazon.com,0,12,5,15,"Only 7 left in stock (more on the way).",02108,"2019-02-05 14:54:39",92,143
93,93,1,117,0,1,Amazon.com,Amazon.com,0,0,4,25,"In Stock.",02108,"2019-02-05 14:54:46",93,144
95,95,1,119,380,1,"Streamline Audio Video",Amazon.com,0,0,5,4,"In Stock.",02134,"2019-02-05 14:54:58",95,146
96,96,1,120,270,0,"YAGAMI STORE",Amazon.com,0,33,4,37,"Only 3 left in stock - order soon.",02108,"2019-02-05 14:55:05",96,147
97,97,1,121,299,1,Amazon.com,Amazon.com,0,9,5,12,"In Stock.",02108,"2019-02-05 14:55:12",97,148
99,99,1,123,300,0,"Austin Bazaar",Amazon.com,0,0,5,4,"Only 4 left in stock - order soon.",02108,"2019-02-05 14:55:26",99,150
100,100,1,124,500,0,EverythingMusic,Amazon.com,0,27,4,20,"Only 1 left in stock - order soon.",02108,"2019-02-05 14:55:33",100,151
101,101,1,125,520,1,Amazon.com,Amazon.com,0,24,5,24,"In Stock.",02108,"2019-02-05 14:55:41",101,152
102,102,1,126,19,1,co2crea,Amazon.com,0,0,5,4,"In Stock.",02108,"2019-02-05 14:55:48",102,153
103,103,1,127,350,1,"Quantum Networks",Amazon.com,0,0,4,3,"In Stock.",02108,"2019-02-05 14:55:54",103,154
104,104,1,128,119,0,GearTree,"[!Error: shipped_by Not Found]",0,0,0,0,"Only 2 left in stock - order soon.",02128,"2019-02-05 14:55:59",104,158
105,105,1,130,250,1,Audiosavings,"[!Error: shipped_by Not Found]",0,0,0,0,"In Stock.",02128,"2019-02-05 14:56:08",105,160
106,106,1,131,300,0,"Zorro Sounds","[!Error: shipped_by Not Found]",0,0,5,1,"Only 1 left in stock - order soon.",02128,"2019-02-05 14:56:13",106,161
107,107,1,133,185,0,GearTree,"[!Error: shipped_by Not Found]",0,0,0,0,"Only 2 left in stock - order soon.",02128,"2019-02-05 14:57:57",107,164
108,108,1,134,0,0,"Front Row Electronics","[!Error: shipped_by Not Found]",0,0,3,2,"Only 8 left in stock - order soon.",02128,"2019-02-05 14:58:02",108,165
110,110,1,136,820,0,Amazon.com,Amazon.com,0,0,5,1,"Only 4 left in stock (more on the way).",02128,"2019-02-05 14:58:12",110,167
112,112,1,138,519,0,"Front Row Electronics","[!Error: shipped_by Not Found]",0,0,0,0,"Only 12 left in stock - order soon.",02128,"2019-02-05 14:58:22",112,169
114,114,1,141,0,0,GearTree,"[!Error: shipped_by Not Found]",0,0,0,0,"Only 1 left in stock - order soon.",02128,"2019-02-05 15:00:11",114,172
115,115,1,142,0,0,"[!Error: seller Could Not Parse]","
    


    
    
        




    


    

    
    
    
    
    
    
    
        
    
    

        
        
        
        
        
        

        
            
        

        







        



    

",0,0,0,0,"Available from these sellers.",02128,"2019-02-05 15:00:16",115,176
116,116,1,143,0,0,"[!Error: seller Could Not Parse]","
    


    
    
        




    


    

    
    
    
    
    
    
    
        
    
    

        
        
        
        
        
        

        
            
        

        







        



    

",0,0,0,0,"Available from these sellers.",02128,"2019-02-05 15:00:21",116,177
117,117,1,144,0,0,"[!Error: seller Could Not Parse]","
    


    
    
        




    


    

    
    
    
    
    
    
    
        
    
    

        
        
        
        
        
        

        
            
        

        







        



    

",0,0,0,0,"Available from these sellers.",02128,"2019-02-05 15:00:26",117,178
118,118,1,145,0,0,GearNuts,"[!Error: shipped_by Not Found]",0,0,5,1,"Only 1 left in stock - order soon.",02128,"2019-02-05 15:00:31",118,179
119,119,1,146,0,0,"[!Error: seller Could Not Parse]","
    


    
    
        




    


    

    
    
    
    
    
    
    
        
    
    

        
        
        
        
        
        

        
            
        

        







        



    

",0,0,5,1,"Available from these sellers.",02128,"2019-02-05 15:00:35",119,180
120,120,1,147,299,0,"Front Row Electronics","[!Error: shipped_by Not Found]",0,0,0,0,"Only 6 left in stock - order soon.",02128,"2019-02-05 15:00:40",120,181
121,121,1,148,369,0,GearTree,"[!Error: shipped_by Not Found]",0,0,0,0,"Only 2 left in stock - order soon.",02128,"2019-02-05 15:00:45",121,182
122,122,1,149,0,0,"[!Error: seller Could Not Parse]","
    


    
    
        




    


    

    
    
    
    
    
    
    
        
    
    

        
        
        
        
        
        

        
            
        

        







        



    

",0,0,0,0,"Available from these sellers.",02128,"2019-02-05 15:00:50",122,183
123,123,1,150,0,0,"[!Error: seller Could Not Parse]","
    


    
    
        




    


    

    
    
    
    
    
    
    
        
    
    

        
        
        
        
        
        

        
            
        

        







        



    

",0,0,0,0,"Available from these sellers.",02128,"2019-02-05 15:00:55",123,184
124,124,1,151,159,0,GearTree,"[!Error: shipped_by Not Found]",0,0,0,0,"Only 2 left in stock - order soon.",02108,"2019-02-05 15:01:02",124,185
125,125,1,152,140,0,GearTree,"[!Error: shipped_by Not Found]",0,0,0,0,"Only 3 left in stock - order soon.",02128,"2019-02-05 15:01:07",125,188
126,126,1,153,150,0,GearTree,"[!Error: shipped_by Not Found]",0,0,0,0,"Only 1 left in stock - order soon.",02128,"2019-02-05 15:01:11",126,189
127,127,1,154,0,0,GearTree,"[!Error: shipped_by Not Found]",0,0,0,0,"Only 1 left in stock - order soon.",02128,"2019-02-05 15:01:16",127,190
128,128,1,155,799,0,GearTree,"[!Error: shipped_by Not Found]",0,0,0,0,"Only 1 left in stock - order soon.",02128,"2019-02-05 15:01:20",128,191
129,129,1,156,500,0,"Front Row Electronics","[!Error: shipped_by Not Found]",0,0,0,0,"Only 12 left in stock - order soon.",02128,"2019-02-05 15:01:23",129,192
130,130,1,157,0,0,"[!Error: seller Could Not Parse]","
    


    
    
        




    


    

    
    
    
    
    
    
    
        
    
    

        
        
        
        
        
        

        
            
        

        







        



    

",0,0,0,0,"Available from these sellers.",02128,"2019-02-05 15:01:26",130,193
131,131,1,158,0,0,Proaudiostar,"[!Error: shipped_by Not Found]",0,0,1,1,"Only 10 left in stock - order soon.",02128,"2019-02-05 15:01:29",131,194
132,132,1,159,0,0,"[!Error: seller Could Not Parse]","
    


    
    
        




    


    

    
    
    
    
    
    
    
        
    
    

        
        
        
        
        
        

        
            
        

        







        



    

",0,0,0,0,"Available from these sellers.",02108,"2019-02-05 15:01:33",132,195
133,133,1,160,0,0,"[!Error: seller Could Not Parse]","
    


    
    
        




    


    

    
    
    
    
    
    
    
        
    
    

        
        
        
        
        
        

        
            
        

        







        



    

",0,0,0,0,"Available from these sellers.",02108,"2019-02-05 15:01:38",133,196
134,134,1,161,0,0,"[!Error: seller Could Not Parse]","
    


    
    
        




    


    

    
    
    
    
    
    
    
        
    
    

        
        
        
        
        
        

        
            
        

        







        



    

",0,0,0,0,"Available from these sellers.",02108,"2019-02-05 15:01:43",134,197
135,136,1,163,0,0,"Alto Music","[!Error: shipped_by Not Found]",0,0,0,0,"Only 1 left in stock - order soon.",02108,"2019-02-05 15:03:02",136,199
137,138,1,166,180,0,GearTree,"[!Error: shipped_by Not Found]",0,0,0,0,"Only 2 left in stock - order soon.",02128,"2019-02-05 15:03:10",138,205
138,139,1,167,0,0,"[!Error: seller Could Not Parse]","
    


    
    
        




    


    

    
    
    
    
    
    
    
        
    
    

        
        
        
        
        
        

        
            
        

        







        



    

",0,0,0,0,"Available from these sellers.",02128,"2019-02-05 15:03:13",139,206
139,140,1,168,0,0,"[!Error: seller Could Not Parse]","
    


    
    
        




    


    

    
    
    
    
    
    
    
        
    
    

        
        
        
        
        
        

        
            
        

        







        



    

",0,0,0,0,"Available from these sellers.",02128,"2019-02-05 15:03:16",140,207
140,141,1,169,250,0,GearTree,"[!Error: shipped_by Not Found]",0,0,5,1,"Only 2 left in stock - order soon.",02128,"2019-02-05 15:03:19",141,208
142,143,1,172,319,0,"Pitbull Electronics","[!Error: shipped_by Not Found]",0,0,4,2,"Only 6 left in stock - order soon.",02128,"2019-02-05 15:03:27",143,211
143,144,1,173,0,0,"[!Error: seller Could Not Parse]","
    


    
    
        




    


    

    
    
    
    
    
    
    
        
    
    

        
        
        
        
        
        

        
            
        

        







        



    

",0,0,0,0,"Available from these sellers.",02128,"2019-02-05 15:03:30",144,212
144,145,1,174,0,0,GearNuts,"[!Error: shipped_by Not Found]",0,0,0,0,"Only 2 left in stock - order soon.",02108,"2019-02-05 15:03:35",145,213
146,147,1,176,0,0,"[!Error: seller Could Not Parse]","
    


    
    
        




    


    

    
    
    
    
    
    
    
        
    
    

        
        
        
        
        
        

        
            
        

        







        



    

",0,0,0,0,"Available from these sellers.",02108,"2019-02-05 15:03:45",147,215
147,148,1,177,0,0,"[!Error: seller Could Not Parse]","
    


    
    
        




    


    

    
    
    
    
    
    
    
        
    
    

        
        
        
        
        
        

        
            
        

        







        



    

",0,4,3,3,"Available from these sellers.",02108,"2019-02-05 15:04:55",148,216
149,150,1,179,52,0,GearTree,"[!Error: shipped_by Not Found]",0,0,0,0,"Only 2 left in stock - order soon.",02128,"2019-02-05 15:05:00",150,218
150,151,1,180,380,0,"Front Row Electronics","[!Error: shipped_by Not Found]",0,0,0,0,"Only 2 left in stock - order soon.",02128,"2019-02-05 15:05:03",151,219
151,152,1,181,820,0,"Front Row Electronics","[!Error: shipped_by Not Found]",0,0,4,2,"Only 2 left in stock - order soon.",02128,"2019-02-05 15:05:06",152,220
154,155,1,185,298,0,Amazon.com,Amazon.com,0,0,0,0,"Only 2 left in stock (more on the way).",02128,"2019-02-05 15:05:20",155,224
157,158,1,189,66,0,GearTree,"[!Error: shipped_by Not Found]",0,0,5,3,"Only 2 left in stock - order soon.",02128,"2019-02-05 15:05:31",158,228
158,159,1,191,0,0,"[!Error: seller Could Not Parse]","
    


    
    
        




    


    

    
    
    
    
    
    
    
        
    
    

        
        
        
        
        
        

        
            
        

        







        



    

",0,0,5,1,"Available from these sellers.",02128,"2019-02-05 15:05:36",159,230
159,160,1,192,649,0,GearTree,"[!Error: shipped_by Not Found]",0,0,0,0,"Only 2 left in stock - order soon.",02128,"2019-02-05 15:05:39",160,231
160,161,1,193,460,0,GearTree,"[!Error: shipped_by Not Found]",0,0,5,1,"Only 1 left in stock - order soon.",02108,"2019-02-05 15:05:43",161,232
161,162,1,194,129,0,EverythingMusic,"[!Error: shipped_by Not Found]",0,0,0,0,"Only 2 left in stock - order soon.",02128,"2019-02-05 15:05:47",162,233
163,164,1,197,819,0,Instrumentpro,Amazon.com,0,0,5,5,"Only 1 left in stock - order soon.",02128,"2019-02-05 15:05:57",164,236
164,165,1,198,449,0,"Mega Big Box","[!Error: shipped_by Not Found]",0,13,4,39,"In stock.",02108,"2019-02-05 15:06:02",165,237
165,166,1,199,135,1,n-electronic,"[!Error: shipped_by Not Found]",30,0,0,0,"In Stock.",02108,"2019-02-05 15:06:06",166,238
166,167,1,200,189,1,n-electronic,"[!Error: shipped_by Not Found]",30,0,0,0,"In Stock.",02108,"2019-02-05 15:06:10",167,241
167,168,1,201,189,1,n-electronic,"[!Error: shipped_by Not Found]",30,0,0,0,"In Stock.",02108,"2019-02-05 15:06:15",168,244
168,169,1,202,139,1,n-electronic,"[!Error: shipped_by Not Found]",30,0,0,0,"In Stock.",02108,"2019-02-05 15:06:19",169,250
169,170,1,203,135,1,n-electronic,"[!Error: shipped_by Not Found]",30,3,0,0,"In Stock.",02108,"2019-02-05 15:06:24",170,252
170,171,1,204,0,0,"[!Error: seller Could Not Parse]","
    


    
    
        




    


    

    
    
    
    
    
    
    
        
    
    

        
        
        
        
        
        

        
            
        

        







        



    

",0,0,0,0,"Available from these sellers.",02108,"2019-02-05 15:06:29",171,258
171,172,1,205,155,1,n-electronic,"[!Error: shipped_by Not Found]",30,0,0,0,"In Stock.",02108,"2019-02-05 15:06:33",172,261
172,173,1,206,500,0,"Quantum Networks",Amazon.com,0,0,0,0,"Only 2 left in stock - order soon.",02128,"2019-02-05 15:06:37",173,267
173,174,1,207,189,1,n-electronic,"[!Error: shipped_by Not Found]",30,0,0,0,"In Stock.",02108,"2019-02-05 15:06:42",174,268
174,175,1,208,189,1,n-electronic,"[!Error: shipped_by Not Found]",30,0,0,0,"In Stock.",02108,"2019-02-05 15:06:46",175,271
176,177,1,210,0,0,"[!Error: seller Could Not Parse]","
    


    
    
        




    


    

    
    
    
    
    
    
    
        
    
    

        
        
        
        
        
        

        
            
        

        







        



    

",0,0,0,0,"Available from these sellers.",02108,"2019-02-05 15:06:56",177,275
179,180,1,214,0,0,"[!Error: seller Could Not Parse]","
    


    
    
        




    


    

    
    
    
    
    
    
    
        
    
    

        
        
        
        
        
        

        
            
        

        







        



    

",0,0,0,0,"Available from these sellers.",02128,"2019-02-05 15:07:09",180,279
180,181,1,215,730,1,"Front Row Electronics","[!Error: shipped_by Not Found]",0,0,0,0,"In Stock.",02128,"2019-02-05 15:07:12",181,280
181,182,1,216,385,0,Amazon.com,Amazon.com,0,0,5,4,"Only 1 left in stock (more on the way).",02108,"2019-02-05 15:07:17",182,281
182,183,1,217,0,0,Proaudiostar,"[!Error: shipped_by Not Found]",0,0,0,0,"Only 3 left in stock - order soon.",02128,"2019-02-05 15:07:20",183,282
183,184,1,218,0,0,"[!Error: seller Could Not Parse]","
    


    
    
        




    


    

    
    
    
    
    
    
    
        
    
    

        
        
        
        
        
        

        
            
        

        







        



    

",0,4,5,5,"Available from these sellers.",02128,"2019-02-05 15:07:23",184,283
184,185,1,220,900,0,Amazon.com,Amazon.com,0,0,0,0,"Only 8 left in stock (more on the way).",02128,"2019-02-05 15:07:28",185,285
185,186,1,221,109,0,GearTree,"[!Error: shipped_by Not Found]",0,0,0,0,"Only 3 left in stock - order soon.",02128,"2019-02-05 15:07:31",186,286
186,187,1,222,69,0,GearTree,"[!Error: shipped_by Not Found]",0,0,5,1,"Only 5 left in stock - order soon.",02128,"2019-02-05 15:07:34",187,287
188,189,1,224,350,0,"Quantum Networks",Amazon.com,0,0,0,0,"Only 8 left in stock - order soon.",02128,"2019-02-05 15:07:42",189,289
189,190,1,225,1000,0,Amazon.com,Amazon.com,0,0,0,0,"Only 4 left in stock (more on the way).",02128,"2019-02-05 15:07:45",190,290
192,193,1,228,119,0,GearTree,"[!Error: shipped_by Not Found]",0,0,0,0,"Only 1 left in stock - order soon.",02128,"2019-02-05 15:07:54",193,294
194,195,1,233,214,0,Audiosavings,"[!Error: shipped_by Not Found]",0,0,0,0,"Only 3 left in stock - order soon.",02128,"2019-02-05 15:08:07",195,299
195,196,1,234,150,1,Audiosavings,"[!Error: shipped_by Not Found]",0,0,0,0,"In Stock.",02128,"2019-02-05 15:08:10",196,300
196,197,1,235,185,0,GearTree,"[!Error: shipped_by Not Found]",0,0,0,0,"Only 1 left in stock - order soon.",02128,"2019-02-05 15:08:13",197,301
197,198,1,237,239,0,GearTree,"[!Error: shipped_by Not Found]",0,0,0,0,"Only 2 left in stock - order soon.",02128,"2019-02-05 15:08:18",198,303
198,199,1,238,0,0,"[!Error: seller Could Not Parse]","
    


    
    
        




    


    

    
    
    
    
    
    
    
        
    
    

        
        
        
        
        
        

        
            
        

        







        



    

",0,0,0,0,"Available from these sellers.",02128,"2019-02-05 15:08:21",199,304
199,200,1,240,699,0,GearTree,"[!Error: shipped_by Not Found]",0,0,0,0,"Only 3 left in stock - order soon.",02128,"2019-02-05 15:08:26",200,310
200,201,1,243,0,0,"[!Error: seller Could Not Parse]","
    


    
    
        




    


    

    
    
    
    
    
    
    
        
    
    

        
        
        
        
        
        

        
            
        

        







        



    

",0,0,0,0,"Available from these sellers.",02128,"2019-02-05 15:08:33",201,313
202,203,1,246,299,0,GearTree,"[!Error: shipped_by Not Found]",0,0,0,0,"Only 1 left in stock - order soon.",02128,"2019-02-05 15:08:41",203,316
203,204,1,247,329,0,GearTree,"[!Error: shipped_by Not Found]",0,0,0,0,"Only 1 left in stock - order soon.",02128,"2019-02-05 15:08:44",204,317
204,205,1,248,109,0,GearTree,"[!Error: shipped_by Not Found]",0,0,0,0,"Only 8 left in stock - order soon.",02128,"2019-02-05 15:08:47",205,318
205,206,1,250,145,0,GearTree,"[!Error: shipped_by Not Found]",0,0,0,0,"Only 2 left in stock - order soon.",02128,"2019-02-05 15:08:52",206,320
206,207,1,251,250,0,GearTree,"[!Error: shipped_by Not Found]",0,0,0,0,"Only 1 left in stock - order soon.",02128,"2019-02-05 15:08:54",207,324
207,208,1,252,175,0,GearTree,"[!Error: shipped_by Not Found]",0,0,0,0,"Only 1 left in stock - order soon.",02128,"2019-02-05 15:08:57",208,325
208,209,1,253,99,0,GearTree,"[!Error: shipped_by Not Found]",0,0,0,0,"Only 2 left in stock - order soon.",02128,"2019-02-05 15:09:00",209,326
209,210,1,254,99,0,GearTree,"[!Error: shipped_by Not Found]",0,0,0,0,"Only 1 left in stock - order soon.",02128,"2019-02-05 15:09:03",210,327
210,211,1,255,134,0,GearTree,"[!Error: shipped_by Not Found]",0,0,0,0,"Only 1 left in stock - order soon.",02128,"2019-02-05 15:09:06",211,328
211,212,1,256,369,0,GearTree,"[!Error: shipped_by Not Found]",0,0,0,0,"Only 2 left in stock - order soon.",02128,"2019-02-05 15:09:08",212,329
212,213,1,257,269,0,GearTree,"[!Error: shipped_by Not Found]",0,0,0,0,"Only 1 left in stock - order soon.",02128,"2019-02-05 15:09:11",213,330
213,214,1,259,0,0,"[!Error: seller Could Not Parse]","
    


    
    
        




    


    

    
    
    
    
    
    
    
        
    
    

        
        
        
        
        
        

        
            
        

        







        



    

",0,0,0,0,"Available from these sellers.",02128,"2019-02-05 15:09:16",214,332
214,215,1,260,449,0,GearTree,"[!Error: shipped_by Not Found]",0,0,0,0,"Only 1 left in stock - order soon.",02128,"2019-02-05 15:09:19",215,333
215,216,1,261,440,0,Audiosavings,"[!Error: shipped_by Not Found]",0,0,5,1,"Only 5 left in stock - order soon.",02128,"2019-02-05 15:09:22",216,340
216,217,1,263,499,0,GearTree,"[!Error: shipped_by Not Found]",0,0,0,0,"Only 2 left in stock - order soon.",02128,"2019-02-05 15:09:28",217,342
217,218,1,264,0,0,"n-Lion(Ship from Japan)Recommend Expedited","[!Error: shipped_by Not Found]",0,0,0,0,"In stock.",02108,"2019-02-05 15:09:32",218,343
219,220,1,266,0,0,"[!Error: seller Could Not Parse]","
    


    
    
        




    


    

    
    
    
    
    
    
    
        
    
    

        
        
        
        
        
        

        
            
        

        







        



    

",0,0,4,7,"Available from these sellers.",02108,"2019-02-05 15:09:36",220,344
220,221,1,267,95,0,"Pirates Rock Apparel","[!Error: shipped_by Not Found]",4,0,0,0,"Only 4 left in stock - order soon.",02128,"2019-02-05 15:09:38",221,346
221,222,1,268,299,0,"Focus Camera LLC","[!Error: shipped_by Not Found]",0,0,0,0,"Only 2 left in stock - order soon.",02128,"2019-02-05 15:09:39",222,347
222,223,1,269,380,0,"Front Row Electronics","[!Error: shipped_by Not Found]",0,0,0,0,"Only 2 left in stock - order soon.",02128,"2019-02-05 15:09:41",223,348
223,224,1,270,380,0,EverythingMusic,"[!Error: shipped_by Not Found]",0,0,0,0,"Only 5 left in stock - order soon.",02128,"2019-02-05 15:09:42",224,349
224,225,1,272,180,0,Audiosavings,"[!Error: shipped_by Not Found]",0,0,0,0,"Only 7 left in stock - order soon.",02128,"2019-02-05 15:09:45",225,353
226,227,1,274,110,0,GearTree,"[!Error: shipped_by Not Found]",0,0,0,0,"Only 2 left in stock - order soon.",02108,"2019-02-05 15:09:48",227,355
227,228,1,275,125,0,GearTree,"[!Error: shipped_by Not Found]",0,0,0,0,"Only 3 left in stock - order soon.",02108,"2019-02-05 15:09:49",228,356
228,229,1,276,649,0,"Austin Bazaar",Amazon.com,0,0,0,0,"Only 1 left in stock - order soon.",02108,"2019-02-05 15:09:52",229,358
229,230,1,277,0,0,"Outdoor Topia","[!Error: shipped_by Not Found]",150,0,4,5,"In stock.",02108,"2019-02-05 15:09:53",230,357
230,231,1,278,269,0,GearTree,"[!Error: shipped_by Not Found]",0,0,0,0,"Only 2 left in stock - order soon.",02108,"2019-02-05 15:09:55",231,359
231,232,1,279,0,0,"[!Error: seller Could Not Parse]","
    


    
    
        




    


    

    
    
    
    
    
    
    
        
    
    

        
        
        
        
        
        

        
            
        

        







        



    

",0,0,0,0,"Available from these sellers.",02108,"2019-02-05 15:09:56",232,360
232,233,1,280,550,0,Amazon.com,Amazon.com,0,0,0,0,"Only 1 left in stock (more on the way).",02108,"2019-02-05 15:09:59",233,367
233,234,1,281,135,0,GearTree,"[!Error: shipped_by Not Found]",0,0,0,0,"Only 4 left in stock - order soon.",02108,"2019-02-05 15:09:59",234,361
234,235,1,282,520,0,EverythingMusic,"[!Error: shipped_by Not Found]",0,0,0,0,"Only 4 left in stock - order soon.",02108,"2019-02-05 15:10:02",235,369
235,236,1,283,25,0,Amazon.com,Amazon.com,0,0,0,0,"Only 2 left in stock (more on the way).",02108,"2019-02-05 15:10:02",236,370
236,237,1,284,300,0,"The Midi Store",Amazon.com,0,0,0,0,"Only 2 left in stock - order soon.",02108,"2019-02-05 15:10:05",237,371
240,242,1,289,600,0,"Quantum Networks",Amazon.com,0,0,0,0,"Only 7 left in stock - order soon.",02108,"2019-02-05 15:10:16",242,378
241,243,1,290,175,0,GearTree,"[!Error: shipped_by Not Found]",0,0,0,0,"Only 2 left in stock - order soon.",02108,"2019-02-05 15:10:18",243,379
242,244,1,291,229,0,GearTree,"[!Error: shipped_by Not Found]",0,0,0,0,"Only 1 left in stock - order soon.",02108,"2019-02-05 15:10:21",244,380
243,245,1,292,730,1,"Front Row Electronics","[!Error: shipped_by Not Found]",0,3,3,5,"In Stock.",02108,"2019-02-05 15:10:24",245,381
244,246,1,293,0,0,"[!Error: seller Could Not Parse]","
    


    
    
        




    


    

    
    
    
    
    
    
    
        
    
    

        
        
        
        
        
        

        
            
        

        







        



    

",0,5,4,19,"Available from these sellers.",02108,"2019-02-05 15:10:27",246,382
245,247,1,294,0,0,EverythingMusic,"[!Error: shipped_by Not Found]",0,0,5,1,"Only 4 left in stock - order soon.",02108,"2019-02-05 15:10:30",247,383
246,248,1,295,400,0,EverythingMusic,Amazon.com,0,0,0,0,"Only 1 left in stock - order soon.",02108,"2019-02-05 15:10:33",248,384
248,250,1,297,249,0,GearTree,"[!Error: shipped_by Not Found]",0,0,4,1,"Only 4 left in stock - order soon.",02108,"2019-02-05 15:10:39",250,386
249,251,1,298,299,0,"Front Row Electronics","[!Error: shipped_by Not Found]",0,0,0,0,"Only 6 left in stock - order soon.",02108,"2019-02-05 15:10:44",251,393
251,253,1,300,0,0,"[!Error: seller Could Not Parse]","
    


    
    
        




    


    

    
    
    
    
    
    
    
        
    
    

        
        
        
        
        
        

        
            
        

        







        



    

",0,0,0,0,"Available from these sellers.",02108,"2019-02-05 15:10:54",253,395
253,255,1,302,0,0,"[!Error: seller Could Not Parse]","
    


    
    
        




    


    

    
    
    
    
    
    
    
        
    
    

        
        
        
        
        
        

        
            
        

        







        



    

",0,0,0,0,"Available from these sellers.",02108,"2019-02-05 15:11:03",255,397
258,260,1,307,0,0,"[!Error: seller Could Not Parse]","
    


    
    
        




    


    

    
    
    
    
    
    
    
        
    
    

        
        
        
        
        
        

        
            
        

        







        



    

",0,0,0,0,"Available from these sellers.",02108,"2019-02-05 15:11:26",260,402
259,261,1,308,0,0,"[!Error: seller Could Not Parse]","
    


    
    
        




    


    

    
    
    
    
    
    
    
        
    
    

        
        
        
        
        
        

        
            
        

        







        



    

",0,0,0,0,"Available from these sellers.",02108,"2019-02-05 15:11:31",261,403
260,262,1,309,800,1,Instrumentpro,"[!Error: shipped_by Not Found]",0,0,0,0,"In Stock.",02108,"2019-02-05 15:11:37",262,404
262,264,1,311,0,0,"[!Error: seller Could Not Parse]","
    


    
    
        




    


    

    
    
    
    
    
    
    
        
    
    

        
        
        
        
        
        

        
            
        

        







        



    

",0,0,3,1,"Available from these sellers.",02108,"2019-02-05 15:11:46",264,409
263,265,1,312,0,0,"[!Error: seller Could Not Parse]","
    


    
    
        




    


    

    
    
    
    
    
    
    
        
    
    

        
        
        
        
        
        

        
            
        

        







        



    

",0,0,0,0,"Available from these sellers.",02108,"2019-02-05 15:11:50",265,410
264,266,1,313,0,0,"[!Error: seller Could Not Parse]","
    


    
    
        




    


    

    
    
    
    
    
    
    
        
    
    

        
        
        
        
        
        

        
            
        

        







        



    

",0,0,4,1,"Available from these sellers.",02108,"2019-02-05 15:11:55",266,411
265,267,1,314,0,0,"[!Error: seller Could Not Parse]","
    


    
    
        




    


    

    
    
    
    
    
    
    
        
    
    

        
        
        
        
        
        

        
            
        

        







        



    

",0,0,0,0,"Available from these sellers.",02108,"2019-02-05 15:11:59",267,412
267,269,1,316,0,0,"[!Error: seller Could Not Parse]","
    


    
    
        




    


    

    
    
    
    
    
    
    
        
    
    

        
        
        
        
        
        

        
            
        

        







        



    

",0,0,4,1,"Available from these sellers.",02108,"2019-02-05 15:12:40",269,415
269,271,1,318,0,0,"[!Error: seller Could Not Parse]","
    


    
    
        




    


    

    
    
    
    
    
    
    
        
    
    

        
        
        
        
        
        

        
            
        

        







        



    

",0,0,5,1,"Available from these sellers.",02108,"2019-02-05 15:12:49",271,417
270,272,1,319,0,0,Proaudiostar,"[!Error: shipped_by Not Found]",0,0,0,0,"Only 1 left in stock - order soon.",02108,"2019-02-05 15:12:54",272,418
271,273,1,320,1000,0,"Austin Bazaar","[!Error: shipped_by Not Found]",0,0,5,1,"Only 1 left in stock - order soon.",02108,"2019-02-05 15:12:58",273,419
272,274,1,321,0,0,"[!Error: seller Could Not Parse]","
    


    
    
        




    


    

    
    
    
    
    
    
    
        
    
    

        
        
        
        
        
        

        
            
        

        







        



    

",0,0,0,0,"Available from these sellers.",02108,"2019-02-05 15:13:01",274,426
273,275,1,322,89,0,"UnbeatableSale, Inc","[!Error: shipped_by Not Found]",10,0,0,0,"In stock.",02108,"2019-02-05 15:13:06",275,427
274,276,1,323,750,0,GearNuts,"[!Error: shipped_by Not Found]",0,0,0,0,"Only 1 left in stock - order soon.",02108,"2019-02-05 15:13:11",276,428
276,278,1,325,500,0,"Front Row Electronics","[!Error: shipped_by Not Found]",0,0,4,1,"Only 7 left in stock - order soon.",02108,"2019-02-05 15:13:20",278,430
277,279,1,326,0,0,"[!Error: seller Could Not Parse]","
    


    
    
        




    


    

    
    
    
    
    
    
    
        
    
    

        
        
        
        
        
        

        
            
        

        







        



    

",0,3,0,0,"Available from these sellers.",02108,"2019-02-05 15:13:25",279,431
278,280,1,327,0,0,"[!Error: seller Could Not Parse]","
    


    
    
        




    


    

    
    
    
    
    
    
    
        
    
    

        
        
        
        
        
        

        
            
        

        







        



    

",0,8,4,7,"Available from these sellers.",02108,"2019-02-05 15:13:29",280,432
280,282,1,329,0,0,"[!Error: seller Could Not Parse]","
    


    
    
        




    


    

    
    
    
    
    
    
    
        
    
    

        
        
        
        
        
        

        
            
        

        







        



    

",0,0,5,3,"Available from these sellers.",02108,"2019-02-05 15:13:39",282,434
281,283,1,330,0,0,"[!Error: seller Could Not Parse]","
    


    
    
        




    


    

    
    
    
    
    
    
    
        
    
    

        
        
        
        
        
        

        
            
        

        







        



    

",0,0,4,6,"Available from these sellers.",02108,"2019-02-05 15:13:43",283,435
282,284,1,331,0,0,"[!Error: seller Could Not Parse]","
    


    
    
        




    


    

    
    
    
    
    
    
    
        
    
    

        
        
        
        
        
        

        
            
        

        







        



    

",0,0,5,3,"Available from these sellers.",02108,"2019-02-05 15:13:48",284,436
284,286,1,333,0,0,"Audio Watt Store","[!Error: shipped_by Not Found]",0,0,0,0,"Only 9 left in stock - order soon.",02108,"2019-02-05 15:13:56",286,441
285,287,1,334,370,0,"Austin Bazaar","[!Error: shipped_by Not Found]",0,0,0,0,"Only 1 left in stock - order soon.",02108,"2019-02-05 15:13:59",287,442
286,288,1,335,66,0,GearTree,"[!Error: shipped_by Not Found]",0,0,0,0,"Only 2 left in stock - order soon.",02108,"2019-02-05 15:14:02",288,443
287,289,1,336,649,0,GearTree,"[!Error: shipped_by Not Found]",0,0,0,0,"Only 3 left in stock - order soon.",02108,"2019-02-05 15:14:05",289,444
288,290,1,337,429,0,GearTree,"[!Error: shipped_by Not Found]",0,0,5,1,"Only 3 left in stock - order soon.",02108,"2019-02-05 15:14:08",290,445
289,291,1,338,500,0,AudioTopia,Amazon.com,0,0,0,0,"Only 3 left in stock - order soon.",02108,"2019-02-05 15:14:11",291,446
290,292,1,339,359,0,GearTree,"[!Error: shipped_by Not Found]",0,0,5,1,"Only 2 left in stock - order soon.",location,"2019-02-05 15:14:13",292,447
291,293,1,340,349,0,GearTree,"[!Error: shipped_by Not Found]",0,0,0,0,"Only 1 left in stock - order soon.",02108,"2019-02-05 15:14:16",293,454
292,294,1,341,99,0,GearTree,"[!Error: shipped_by Not Found]",0,0,0,0,"Only 1 left in stock - order soon.",02108,"2019-02-05 15:14:19",294,455
293,295,1,342,229,0,GearTree,"[!Error: shipped_by Not Found]",0,0,0,0,"Only 1 left in stock - order soon.",02108,"2019-02-05 15:14:22",295,456
294,296,1,343,0,0,"[!Error: seller Could Not Parse]","
    


    
    
        




    


    

    
    
    
    
    
    
    
        
    
    

        
        
        
        
        
        

        
            
        

        







        



    

",0,0,0,0,"Available from these sellers.",02108,"2019-02-05 15:14:25",296,457
295,297,1,344,0,0,EverythingMusic,"[!Error: shipped_by Not Found]",0,0,0,0,"Only 5 left in stock - order soon.",02108,"2019-02-05 15:14:28",297,458
296,298,1,345,85,0,"Pirates Rock Apparel","[!Error: shipped_by Not Found]",3,0,0,0,"Only 5 left in stock - order soon.",02108,"2019-02-05 15:14:30",298,459
297,299,1,346,0,0,"[!Error: seller Could Not Parse]","
    


    
    
        




    


    

    
    
    
    
    
    
    
        
    
    

        
        
        
        
        
        

        
            
        

        







        



    

",0,0,0,0,"Available from these sellers.",02108,"2019-02-05 15:14:33",299,460
298,300,1,347,0,0,"[!Error: seller Could Not Parse]","
    


    
    
        




    


    

    
    
    
    
    
    
    
        
    
    

        
        
        
        
        
        

        
            
        

        







        



    

",0,0,0,0,"Available from these sellers.",02108,"2019-02-05 15:14:36",300,461
300,302,1,349,229,0,GearTree,"[!Error: shipped_by Not Found]",0,0,0,0,"Only 1 left in stock - order soon.",02108,"2019-02-05 15:14:41",302,463
302,304,1,351,279,0,GearTree,"[!Error: shipped_by Not Found]",0,0,0,0,"Only 1 left in stock - order soon.",location,"2019-02-05 15:14:49",304,465
303,305,1,352,179,0,GearTree,"[!Error: shipped_by Not Found]",0,0,0,0,"Only 1 left in stock - order soon.",02108,"2019-02-05 15:14:52",305,467
305,307,1,354,919,0,GearTree,"[!Error: shipped_by Not Found]",0,0,0,0,"Only 1 left in stock - order soon.",02108,"2019-02-05 15:14:57",307,469
306,308,1,355,0,0,"Gear Zone Music",Amazon.com,0,0,0,0,"Only 1 left in stock - order soon.",02108,"2019-02-05 15:15:00",308,470
307,309,1,356,0,0,Proaudiostar,"[!Error: shipped_by Not Found]",0,0,0,0,"Only 11 left in stock - order soon.",02108,"2019-02-05 15:15:03",309,471
308,310,1,357,449,0,GearTree,"[!Error: shipped_by Not Found]",0,0,0,0,"Only 1 left in stock - order soon.",02108,"2019-02-05 15:15:06",310,472
309,311,1,358,249,0,GearTree,"[!Error: shipped_by Not Found]",0,0,0,0,"Only 1 left in stock - order soon.",02108,"2019-02-05 15:15:09",311,479
310,312,1,359,249,0,GearTree,"[!Error: shipped_by Not Found]",0,0,0,0,"Only 1 left in stock - order soon.",02108,"2019-02-05 15:15:11",312,480
311,313,1,360,0,0,"Alto Music","[!Error: shipped_by Not Found]",0,0,0,0,"Only 7 left in stock - order soon.",02108,"2019-02-05 15:15:14",313,481
312,314,1,361,0,0,"Audio Watt Store","[!Error: shipped_by Not Found]",0,0,0,0,"Only 3 left in stock - order soon.",02108,"2019-02-05 15:15:17",314,482
313,315,1,362,0,0,"Audio Watt Store","[!Error: shipped_by Not Found]",0,0,0,0,"Only 3 left in stock - order soon.",02108,"2019-02-05 15:15:20",315,483
314,316,1,363,0,0,"Audio Watt Store","[!Error: shipped_by Not Found]",0,0,0,0,"Only 3 left in stock - order soon.",02108,"2019-02-05 15:15:23",316,484
315,317,1,364,649,0,GearTree,"[!Error: shipped_by Not Found]",0,0,0,0,"Only 3 left in stock - order soon.",02108,"2019-02-05 15:15:25",317,485
318,320,1,367,0,0,"Audio Watt Store","[!Error: shipped_by Not Found]",0,0,0,0,"Only 3 left in stock - order soon.",02108,"2019-02-05 15:15:34",320,488
319,321,1,368,0,0,"Audio Watt Store","[!Error: shipped_by Not Found]",0,0,0,0,"Only 3 left in stock - order soon.",02108,"2019-02-05 15:15:37",321,489
320,322,1,369,0,0,"Audio Watt Store","[!Error: shipped_by Not Found]",0,0,0,0,"Only 3 left in stock - order soon.",location,"2019-02-05 15:15:39",322,492
321,323,1,370,0,0,"Audio Watt Store","[!Error: shipped_by Not Found]",0,0,0,0,"Only 3 left in stock - order soon.",02108,"2019-02-05 15:15:42",323,493
322,324,1,371,0,0,"Audio Watt Store","[!Error: shipped_by Not Found]",0,0,0,0,"Only 3 left in stock - order soon.",02108,"2019-02-05 15:15:45",324,494
323,325,1,372,0,0,"Audio Watt Store","[!Error: shipped_by Not Found]",0,0,0,0,"Only 3 left in stock - order soon.",02108,"2019-02-05 15:15:48",325,495
324,326,1,373,0,0,"Audio Watt Store","[!Error: shipped_by Not Found]",0,0,0,0,"Only 3 left in stock - order soon.",02108,"2019-02-05 15:15:51",326,496
325,327,1,374,0,0,"Audio Watt Store","[!Error: shipped_by Not Found]",0,0,0,0,"Only 3 left in stock - order soon.",02108,"2019-02-05 15:15:54",327,497
326,328,1,375,0,0,"Audio Watt Store","[!Error: shipped_by Not Found]",0,0,0,0,"Only 3 left in stock - order soon.",02108,"2019-02-05 15:15:56",328,498
327,329,1,376,110,0,GearTree,"[!Error: shipped_by Not Found]",0,0,0,0,"Only 3 left in stock - order soon.",02108,"2019-02-05 15:15:59",329,499
328,330,1,377,299,0,EverythingMusic,"[!Error: shipped_by Not Found]",0,0,0,0,"Only 5 left in stock - order soon.",02108,"2019-02-05 15:16:02",330,500
329,331,1,378,649,0,EverythingMusic,"[!Error: shipped_by Not Found]",0,0,0,0,"Only 5 left in stock - order soon.",02108,"2019-02-05 15:16:05",331,501
331,333,1,380,359,0,GearTree,"[!Error: shipped_by Not Found]",0,0,0,0,"Only 2 left in stock - order soon.",02108,"2019-02-05 15:16:11",333,509
332,334,1,381,0,0,"Zorro Sounds","[!Error: shipped_by Not Found]",0,0,0,0,"Only 4 left in stock - order soon.",02108,"2019-02-05 15:16:14",334,510
333,335,1,382,95,0,Amazon.com,Amazon.com,0,0,5,1,"Only 3 left in stock (more on the way).",02108,"2019-02-05 15:16:19",335,511
334,336,1,383,120,0,"8th Street Music","[!Error: shipped_by Not Found]",5,3,2,2,"Only 5 left in stock - order soon.",02108,"2019-02-05 15:16:24",336,512
335,337,1,384,199,0,"Austin Bazaar","[!Error: shipped_by Not Found]",0,13,4,30,"Only 14 left in stock - order soon.",02215,"2019-02-05 15:16:27",337,513
336,338,1,385,14,0,"Pirates Rock Apparel","[!Error: shipped_by Not Found]",4,0,5,1,"Only 12 left in stock - order soon.",02108,"2019-02-05 15:16:30",338,514
338,340,1,388,500,0,"Quantum Networks",Amazon.com,0,0,0,0,"Only 2 left in stock - order soon.",02108,"2019-02-05 15:16:41",340,517
339,341,1,389,325,1,"Austin Bazaar","[!Error: shipped_by Not Found]",0,11,4,48,"In Stock.",02108,"2019-02-05 15:16:46",341,520
340,342,1,390,440,0,"Photo Savings",Amazon.com,0,0,0,0,"Only 3 left in stock - order soon.",02108,"2019-02-05 15:16:51",342,521
341,343,1,391,649,0,EverythingMusic,Amazon.com,0,0,0,0,"Only 3 left in stock - order soon.",02108,"2019-02-05 15:16:55",343,522
342,344,1,392,233,0,"Prymaxe Music Supply","[!Error: shipped_by Not Found]",0,0,0,0,"Only 11 left in stock - order soon.",02108,"2019-02-05 15:17:00",344,523
344,346,1,394,0,0,GrowTechs,Amazon.com,0,14,5,13,"Only 1 left in stock - order soon.",02108,"2019-02-05 15:17:10",346,525
345,347,1,395,26,0,Amazon.com,Amazon.com,0,0,0,0,"Usually ships within 1 to 2 months.",02108,"2019-02-05 15:17:15",347,526
347,349,1,397,600,0,"Turntable Lab",Amazon.com,0,8,4,20,"Only 1 left in stock - order soon.",02108,"2019-02-05 15:17:25",349,528
348,350,1,398,159,0,GearTree,"[!Error: shipped_by Not Found]",0,0,4,2,"Only 20 left in stock - order soon.",02108,"2019-02-05 15:17:30",350,535
349,351,1,399,500,0,"The Midi Store",Amazon.com,0,5,3,10,"Only 1 left in stock - order soon.",02108,"2019-02-05 15:17:35",351,536
350,352,1,400,0,0,"Austin Bazaar","[!Error: shipped_by Not Found]",0,0,5,2,"Only 10 left in stock - order soon.",location,"2019-02-05 15:17:40",352,537
351,353,1,401,0,0,"Front Row Electronics","[!Error: shipped_by Not Found]",0,0,0,0,"Only 2 left in stock - order soon.",02108,"2019-02-05 15:17:45",353,538
352,354,1,402,350,0,"Austin Bazaar","[!Error: shipped_by Not Found]",0,6,5,2,"Only 4 left in stock - order soon.",02108,"2019-02-05 15:17:50",354,539
353,355,1,403,259,0,GearTree,"[!Error: shipped_by Not Found]",0,0,0,0,"Only 7 left in stock - order soon.",02108,"2019-02-05 15:17:55",355,540
354,356,1,404,500,0,"Zorro Sounds","[!Error: shipped_by Not Found]",0,0,5,1,"Only 3 left in stock - order soon.",02108,"2019-02-05 15:18:00",356,541
355,357,1,405,79,0,GearTree,"[!Error: shipped_by Not Found]",0,0,5,1,"Only 9 left in stock - order soon.",02108,"2019-02-05 15:18:04",357,542
356,358,1,406,500,0,"Quantum Networks",Amazon.com,0,0,0,0,"Only 12 left in stock - order soon.",02108,"2019-02-05 15:18:09",358,543
357,359,1,407,599,0,"Chicago Music Exchange","[!Error: shipped_by Not Found]",0,0,0,0,"Only 2 left in stock - order soon.",02134,"2019-02-05 15:18:12",359,544
359,361,1,409,0,0,GearNuts,"[!Error: shipped_by Not Found]",0,0,0,0,"Only 1 left in stock - order soon.",02108,"2019-02-05 15:18:22",361,548
361,363,1,411,0,0,"[!Error: seller Could Not Parse]","
    


    
    
        




    


    

    
    
    
    
    
    
    
        
    
    

        
        
        
        
        
        

        
            
        

        







        



    

",0,33,3,61,"Available from these sellers.",02108,"2019-02-05 15:18:31",363,550
362,364,1,412,0,0,Amazon.com,Amazon.com,0,18,5,13,"Only 7 left in stock (more on the way).",02108,"2019-02-05 15:18:37",364,551
364,366,1,414,480,0,AVLGear,"[!Error: shipped_by Not Found]",20,8,5,6,"Only 11 left in stock - order soon.",02108,"2019-02-05 15:18:46",366,553
365,367,1,415,350,0,"Quantum Networks",Amazon.com,0,0,0,0,"Only 2 left in stock - order soon.",02108,"2019-02-05 15:18:50",367,554
366,368,1,416,0,0,Kraft-Music,"[!Error: shipped_by Not Found]",0,0,5,1,"Only 1 left in stock - order soon.",02108,"2019-02-05 15:18:55",368,555
368,370,1,419,249,0,GearTree,"[!Error: shipped_by Not Found]",0,0,0,0,"Only 1 left in stock - order soon.",02108,"2019-02-05 15:19:08",370,561
369,371,1,420,440,0,"Focus Camera LLC","[!Error: shipped_by Not Found]",0,0,0,0,"Only 11 left in stock - order soon.",02108,"2019-02-05 15:19:13",371,562
372,374,1,423,399,0,GearTree,"[!Error: shipped_by Not Found]",0,0,0,0,"Only 2 left in stock - order soon.",02108,"2019-02-05 15:19:27",374,565
375,377,1,426,399,0,GearTree,"[!Error: shipped_by Not Found]",0,0,0,0,"Only 2 left in stock - order soon.",02108,"2019-02-05 15:19:41",377,568
377,379,1,428,249,0,GearTree,"[!Error: shipped_by Not Found]",0,0,0,0,"Only 1 left in stock - order soon.",02108,"2019-02-05 15:19:51",379,570
378,380,1,429,0,0,"[!Error: seller Could Not Parse]","
    


    
    
        




    


    

    
    
    
    
    
    
    
        
    
    

        
        
        
        
        
        

        
            
        

        







        



    

",0,0,0,0,"Available from these sellers.",02108,"2019-02-05 15:19:55",380,574
379,381,1,430,199,0,GearTree,"[!Error: shipped_by Not Found]",0,0,0,0,"Only 1 left in stock - order soon.",02108,"2019-02-05 15:19:59",381,575
380,382,1,431,107,0,Audiosavings,"[!Error: shipped_by Not Found]",0,0,0,0,"Only 16 left in stock - order soon.",02108,"2019-02-05 15:20:04",382,576
381,383,1,432,147,0,Audiosavings,"[!Error: shipped_by Not Found]",0,0,0,0,"Only 10 left in stock - order soon.",02108,"2019-02-05 15:20:08",383,577
382,384,1,433,188,0,Audiosavings,"[!Error: shipped_by Not Found]",0,0,0,0,"Only 7 left in stock - order soon.",02108,"2019-02-05 15:20:13",384,578
383,385,1,434,160,1,Audiosavings,"[!Error: shipped_by Not Found]",0,0,0,0,"In Stock.",02108,"2019-02-05 15:20:17",385,579
384,386,1,435,215,0,Audiosavings,"[!Error: shipped_by Not Found]",0,0,4,1,"Only 3 left in stock - order soon.",02108,"2019-02-05 15:20:23",386,580
385,387,1,436,440,0,Audiosavings,"[!Error: shipped_by Not Found]",0,0,0,0,"Only 18 left in stock - order soon.",02108,"2019-02-05 15:20:27",387,581
386,388,1,437,440,0,Audiosavings,"[!Error: shipped_by Not Found]",0,0,5,1,"Only 5 left in stock - order soon.",02108,"2019-02-05 15:20:32",388,582
387,389,1,438,440,0,Audiosavings,"[!Error: shipped_by Not Found]",0,0,0,0,"Only 5 left in stock - order soon.",02108,"2019-02-05 15:20:37",389,586
388,390,1,439,180,0,Audiosavings,"[!Error: shipped_by Not Found]",0,0,0,0,"Only 7 left in stock - order soon.",02108,"2019-02-05 15:20:41",390,587
389,391,1,440,205,0,Audiosavings,"[!Error: shipped_by Not Found]",0,0,0,0,"Only 3 left in stock - order soon.",02108,"2019-02-05 15:20:47",391,588
390,392,1,441,208,0,Audiosavings,"[!Error: shipped_by Not Found]",0,0,0,0,"Only 3 left in stock - order soon.",02108,"2019-02-05 15:20:51",392,589
391,393,1,442,220,0,Audiosavings,"[!Error: shipped_by Not Found]",0,0,0,0,"Only 3 left in stock - order soon.",02108,"2019-02-05 15:20:56",393,590
392,394,1,443,225,0,Audiosavings,"[!Error: shipped_by Not Found]",0,0,0,0,"Only 3 left in stock - order soon.",02108,"2019-02-05 15:21:00",394,591
393,395,1,444,0,0,"[!Error: seller Could Not Parse]","
    


    
    
        




    


    

    
    
    
    
    
    
    
        
    
    

        
        
        
        
        
        

        
            
        

        







        



    

",0,0,0,0,"Available from these sellers.",02108,"2019-02-05 15:21:05",395,592
395,397,1,446,475,0,GearTree,"[!Error: shipped_by Not Found]",0,0,0,0,"Only 2 left in stock - order soon.",02108,"2019-02-05 15:21:14",397,594
396,398,1,447,314,0,Kraft-Music,"[!Error: shipped_by Not Found]",0,0,0,0,"Only 1 left in stock - order soon.",02108,"2019-02-05 15:21:19",398,595
397,399,1,448,720,0,"Front Row Electronics","[!Error: shipped_by Not Found]",0,0,0,0,"Only 1 left in stock - order soon.",02108,"2019-02-05 15:21:24",399,596
398,400,1,449,540,0,"Front Row Electronics","[!Error: shipped_by Not Found]",0,0,0,0,"Only 2 left in stock - order soon.",02108,"2019-02-05 15:21:28",400,597
399,401,1,450,175,0,GearTree,"[!Error: shipped_by Not Found]",0,0,0,0,"Only 2 left in stock - order soon.",02108,"2019-02-05 15:21:33",401,605
400,402,1,451,119,0,GearTree,"[!Error: shipped_by Not Found]",0,0,0,0,"Only 2 left in stock - order soon.",02108,"2019-02-05 15:21:38",402,607
401,403,1,452,400,1,Audiosavings,"[!Error: shipped_by Not Found]",0,0,0,0,"In Stock.",02108,"2019-02-05 15:21:42",403,608
402,404,1,453,599,0,GearTree,"[!Error: shipped_by Not Found]",0,0,0,0,"Only 2 left in stock - order soon.",02108,"2019-02-05 15:21:47",404,609
403,405,1,454,180,0,Audiosavings,"[!Error: shipped_by Not Found]",0,0,0,0,"Only 7 left in stock - order soon.",02108,"2019-02-05 15:21:52",405,610
404,406,1,455,0,0,"[!Error: seller Could Not Parse]","
    


    
    
        




    


    

    
    
    
    
    
    
    
        
    
    

        
        
        
        
        
        

        
            
        

        







        



    

",0,0,0,0,"Available from these sellers.",02108,"2019-02-05 15:21:56",406,611
405,407,1,456,99,0,GearTree,"[!Error: shipped_by Not Found]",0,0,0,0,"Only 1 left in stock - order soon.",02108,"2019-02-05 15:22:01",407,612
406,408,1,457,475,0,GearTree,"[!Error: shipped_by Not Found]",0,0,5,1,"Only 2 left in stock - order soon.",02108,"2019-02-05 15:22:06",408,615
407,409,1,458,249,0,GearTree,"[!Error: shipped_by Not Found]",0,0,0,0,"Only 1 left in stock - order soon.",02108,"2019-02-05 15:22:11",409,616
408,410,1,459,110,0,GearTree,"[!Error: shipped_by Not Found]",0,0,0,0,"Only 2 left in stock - order soon.",02108,"2019-02-05 15:22:15",410,617
409,411,1,460,0,0,"[!Error: seller Could Not Parse]","
    


    
    
        




    


    

    
    
    
    
    
    
    
        
    
    

        
        
        
        
        
        

        
            
        

        







        



    

",0,0,0,0,"Available from these sellers.",02108,"2019-02-05 15:22:20",411,618
410,412,1,461,699,0,GearTree,"[!Error: shipped_by Not Found]",0,0,5,1,"Only 3 left in stock - order soon.",02108,"2019-02-05 15:22:25",412,619
411,413,1,462,17,0,GearTree,"[!Error: shipped_by Not Found]",0,0,0,0,"Only 3 left in stock - order soon.",02108,"2019-02-05 15:22:30",413,620
412,414,1,463,0,0,"[!Error: seller Could Not Parse]","
    


    
    
        




    


    

    
    
    
    
    
    
    
        
    
    

        
        
        
        
        
        

        
            
        

        







        



    

",0,0,0,0,"Available from these sellers.",02108,"2019-02-05 15:22:34",414,621
413,415,1,464,499,0,GearTree,"[!Error: shipped_by Not Found]",0,0,0,0,"Only 2 left in stock - order soon.",02108,"2019-02-05 15:22:40",415,622
414,416,1,465,0,0,"[!Error: seller Could Not Parse]","
    


    
    
        




    


    

    
    
    
    
    
    
    
        
    
    

        
        
        
        
        
        

        
            
        

        







        



    

",0,0,0,0,"Available from these sellers.",02108,"2019-02-05 15:22:44",416,623
415,417,1,466,171,0,"Prymaxe Music Supply","[!Error: shipped_by Not Found]",0,0,5,1,"Only 2 left in stock - order soon.",02108,"2019-02-05 15:22:49",417,624
416,418,1,467,0,0,"Brook Mays","[!Error: shipped_by Not Found]",0,0,3,5,"Only 1 left in stock - order soon.",02108,"2019-02-05 15:22:54",418,631
417,419,1,468,0,0,"[!Error: seller Could Not Parse]","
    


    
    
        




    


    

    
    
    
    
    
    
    
        
    
    

        
        
        
        
        
        

        
            
        

        







        



    

",0,0,0,0,"Available from these sellers.",02108,"2019-02-05 15:22:58",419,632
418,420,1,469,0,0,"[!Error: seller Could Not Parse]","
    


    
    
        




    


    

    
    
    
    
    
    
    
        
    
    

        
        
        
        
        
        

        
            
        

        







        



    

",0,0,0,0,"Available from these sellers.",02108,"2019-02-05 15:23:03",420,633
421,423,1,472,0,0,"[!Error: seller Could Not Parse]","
    


    
    
        




    


    

    
    
    
    
    
    
    
        
    
    

        
        
        
        
        
        

        
            
        

        







        



    

",0,0,0,0,"Available from these sellers.",02108,"2019-02-05 15:23:17",423,636
422,424,1,473,40,0,Amazon.com,Amazon.com,0,0,0,0,"Only 1 left in stock - order soon.",02108,"2019-02-05 15:23:22",424,637
423,425,1,474,0,0,"[!Error: seller Could Not Parse]","
    


    
    
        




    


    

    
    
    
    
    
    
    
        
    
    

        
        
        
        
        
        

        
            
        

        







        



    

",0,0,0,0,"Available from these sellers.",02108,"2019-02-05 15:23:26",425,638
424,426,1,475,0,0,"[!Error: seller Could Not Parse]","
    


    
    
        




    


    

    
    
    
    
    
    
    
        
    
    

        
        
        
        
        
        

        
            
        

        







        



    

",0,0,5,1,"Available from these sellers.",02108,"2019-02-05 15:23:31",426,639
426,428,1,477,500,0,AVLGear,"[!Error: shipped_by Not Found]",20,0,0,0,,02108,"2019-02-05 15:23:40",428,641
427,429,1,478,170,0,GearTree,"[!Error: shipped_by Not Found]",0,0,3,3,"Only 6 left in stock - order soon.",02108,"2019-02-05 15:23:45",429,650
428,430,1,479,0,0,"[!Error: seller Could Not Parse]","
    


    
    
        




    


    

    
    
    
    
    
    
    
        
    
    

        
        
        
        
        
        

        
            
        

        







        



    

",0,11,4,5,"Available from these sellers.",02108,"2019-02-05 15:23:49",430,651
429,431,1,480,0,0,"[!Error: seller Could Not Parse]","
    


    
    
        




    


    

    
    
    
    
    
    
    
        
    
    

        
        
        
        
        
        

        
            
        

        







        



    

",0,0,5,4,"Available from these sellers.",02108,"2019-02-05 15:23:54",431,652
430,432,1,481,0,0,"[!Error: seller Could Not Parse]","
    


    
    
        




    


    

    
    
    
    
    
    
    
        
    
    

        
        
        
        
        
        

        
            
        

        







        



    

",0,0,0,0,"Currently unavailable. We don't know when or if this item will be back in stock.",02108,"2019-02-05 15:23:59",432,653
431,433,1,482,599,0,GearTree,"[!Error: shipped_by Not Found]",0,0,0,0,"Only 2 left in stock - order soon.",02108,"2019-02-05 15:24:03",433,654
433,435,1,484,266,0,"Brook Mays","[!Error: shipped_by Not Found]",0,36,4,142,"Only 1 left in stock - order soon.",02108,"2019-02-05 15:24:14",435,656
434,436,1,485,99,0,Amazon.com,Amazon.com,0,0,0,0,"Only 1 left in stock (more on the way).",02108,"2019-02-05 15:24:19",436,657
435,437,1,486,299,0,"Front Row Electronics","[!Error: shipped_by Not Found]",0,0,5,2,"Only 6 left in stock - order soon.",02108,"2019-02-05 15:24:24",437,658
436,438,1,487,0,0,"[!Error: seller Could Not Parse]","
    


    
    
        




    


    

    
    
    
    
    
    
    
        
    
    

        
        
        
        
        
        

        
            
        

        







        



    

",0,12,4,28,"Available from these sellers.",02108,"2019-02-05 15:24:29",438,659
438,440,1,489,0,0,"[!Error: seller Could Not Parse]","
    


    
    
        




    


    

    
    
    
    
    
    
    
        
    
    

        
        
        
        
        
        

        
            
        

        







        



    

",0,17,3,77,"Available from these sellers.",02108,"2019-02-05 15:24:39",440,661
439,441,1,490,0,0,"Gear Zone Music",Amazon.com,0,0,5,1,"Only 1 left in stock - order soon.",02108,"2019-02-05 15:24:44",441,665
440,442,1,491,0,0,"[!Error: seller Could Not Parse]","
    


    
    
        




    


    

    
    
    
    
    
    
    
        
    
    

        
        
        
        
        
        

        
            
        

        







        



    

",0,0,5,1,"Available from these sellers.",02108,"2019-02-05 15:24:51",442,666
442,444,1,493,179,0,GearTree,"[!Error: shipped_by Not Found]",0,0,5,1,"Only 1 left in stock - order soon.",02108,"2019-02-05 15:25:00",444,668
443,445,1,494,0,0,"[!Error: seller Could Not Parse]","
    


    
    
        




    


    

    
    
    
    
    
    
    
        
    
    

        
        
        
        
        
        

        
            
        

        







        



    

",0,0,0,0,"Available from these sellers.",02108,"2019-02-05 15:25:05",445,669
444,446,1,495,0,0,"[!Error: seller Could Not Parse]","
    


    
    
        




    


    

    
    
    
    
    
    
    
        
    
    

        
        
        
        
        
        

        
            
        

        







        



    

",0,3,3,15,"Available from these sellers.",02108,"2019-02-05 15:25:11",446,670
445,447,1,496,114,0,"Quantum Networks",Amazon.com,0,0,0,0,"Only 7 left in stock - order soon.",02108,"2019-02-05 15:25:15",447,671
446,448,1,497,8,0,"Pirates Rock Apparel","[!Error: shipped_by Not Found]",4,0,5,1,"Only 4 left in stock - order soon.",02108,"2019-02-05 15:25:20",448,672
447,449,1,498,125,0,GearTree,"[!Error: shipped_by Not Found]",0,0,0,0,"Only 3 left in stock - order soon.",02108,"2019-02-05 15:25:25",449,673
448,450,1,499,680,0,"Photo Savings",Amazon.com,0,0,0,0,"Only 1 left in stock - order soon.",02108,"2019-02-05 15:25:30",450,680
449,451,1,500,650,0,"Photo Savings",Amazon.com,0,0,0,0,"Only 4 left in stock - order soon.",02108,"2019-02-05 15:25:35",451,681
450,452,1,501,650,0,"Photo Savings",Amazon.com,0,0,0,0,"Only 2 left in stock - order soon.",02108,"2019-02-05 15:25:40",452,682
451,453,1,503,0,0,"[!Error: seller Could Not Parse]","
    


    
    
        




    


    

    
    
    
    
    
    
    
        
    
    

        
        
        
        
        
        

        
            
        

        







        



    

",0,0,0,0,"Available from these sellers.",02108,"2019-02-05 15:25:48",453,684
452,454,1,505,25,0,"Pirates Rock Apparel","[!Error: shipped_by Not Found]",4,0,0,0,"Only 19 left in stock - order soon.",02108,"2019-02-05 15:25:54",454,686
453,455,1,508,0,0,"[!Error: seller Could Not Parse]","
    


    
    
        




    


    

    
    
    
    
    
    
    
        
    
    

        
        
        
        
        
        

        
            
        

        







        



    

",0,0,0,0,"Available from these sellers.",02108,"2019-02-05 15:26:04",455,691
454,456,1,509,249,0,Kraft-Music,"[!Error: shipped_by Not Found]",0,0,0,0,"Only 1 left in stock - order soon.",02108,"2019-02-05 15:26:08",456,692
455,457,1,534,599,1,Amazon.com,Amazon.com,0,21,5,21,"In Stock.",02108,"2019-02-05 15:27:09",457,727
456,458,1,535,300,0,"Austin Bazaar","[!Error: shipped_by Not Found]",0,0,5,4,"Only 8 left in stock - order soon.",02108,"2019-02-05 15:27:14",458,728
457,459,1,537,600,0,"Zorro Sounds",Amazon.com,0,0,5,3,"Only 2 left in stock - order soon.",02108,"2019-02-05 15:27:22",459,731
458,460,2,548,299,0,NULL,NULL,NULL,NULL,0,0,"New Item - Coming Soon!",NULL,"2019-02-05 15:39:01",460,867
459,461,2,549,620,0,NULL,NULL,NULL,NULL,0,0,"New Item - Coming Soon!",NULL,"2019-02-05 15:39:03",461,868
460,462,2,550,330,0,NULL,NULL,NULL,NULL,0,0,"New Item - Coming Soon!",NULL,"2019-02-05 15:39:05",462,869
461,463,2,551,599,0,NULL,NULL,NULL,NULL,0,0,"Available Soon",NULL,"2019-02-05 15:39:08",463,870
462,464,2,552,1499,1,NULL,NULL,NULL,NULL,5,14,"In Stock!",NULL,"2019-02-05 15:39:10",464,871
463,465,2,553,4499,1,NULL,NULL,NULL,NULL,5,6,"In Stock!",NULL,"2019-02-05 15:39:12",465,872
464,466,2,554,1000,1,NULL,NULL,NULL,NULL,5,24,"In Stock!",NULL,"2019-02-05 15:39:14",466,873
465,467,2,555,899,1,NULL,NULL,NULL,NULL,5,15,"In Stock!",NULL,"2019-02-05 15:39:17",467,874
466,468,2,556,4000,1,NULL,NULL,NULL,NULL,5,17,"In Stock!",NULL,"2019-02-05 15:39:19",468,875
467,469,2,557,1000,1,NULL,NULL,NULL,NULL,5,16,"In Stock!",NULL,"2019-02-05 15:39:21",469,876
468,470,2,558,330,1,NULL,NULL,NULL,NULL,5,15,"In Stock!",NULL,"2019-02-05 15:39:23",470,877
469,471,2,559,599,1,NULL,NULL,NULL,NULL,5,15,"In Stock!",NULL,"2019-02-05 15:39:26",471,878
470,472,2,560,599,1,NULL,NULL,NULL,NULL,5,29,"In Stock!",NULL,"2019-02-05 15:39:28",472,879
471,473,2,561,520,1,NULL,NULL,NULL,NULL,5,47,"In Stock!",NULL,"2019-02-05 15:39:30",473,880
472,474,2,562,3599,1,NULL,NULL,NULL,NULL,5,4,"In Stock!",NULL,"2019-02-05 15:39:32",474,881
473,475,2,563,4299,0,NULL,NULL,NULL,NULL,0,0,,NULL,"2019-02-05 15:39:34",475,882
474,476,2,564,730,1,NULL,NULL,NULL,NULL,5,25,"In Stock!",NULL,"2019-02-05 15:39:37",476,883
475,477,2,565,799,1,NULL,NULL,NULL,NULL,5,36,"In Stock!",NULL,"2019-02-05 15:39:39",477,884
476,478,2,566,330,1,NULL,NULL,NULL,NULL,5,32,"In Stock!",NULL,"2019-02-05 15:39:41",478,885
477,479,2,567,700,1,NULL,NULL,NULL,NULL,4,54,"In Stock!",NULL,"2019-02-05 15:39:43",479,886
478,480,2,568,1499,1,NULL,NULL,NULL,NULL,5,11,"In Stock!",NULL,"2019-02-05 15:39:46",480,887
479,481,2,569,750,1,NULL,NULL,NULL,NULL,4,14,"In Stock!",NULL,"2019-02-05 15:39:48",481,888
480,482,2,570,1300,1,NULL,NULL,NULL,NULL,5,10,"In Stock!",NULL,"2019-02-05 15:39:50",482,889
481,483,2,571,499,1,NULL,NULL,NULL,NULL,5,12,"In Stock!",NULL,"2019-02-05 15:39:52",483,890
482,484,2,572,4199,1,NULL,NULL,NULL,NULL,5,2,"In Stock!",NULL,"2019-02-05 15:39:55",484,891
483,485,2,573,1080,1,NULL,NULL,NULL,NULL,5,3,"In Stock!",NULL,"2019-02-05 15:39:57",485,892
484,486,2,574,150,1,NULL,NULL,NULL,NULL,5,13,"In Stock!",NULL,"2019-02-05 15:39:59",486,893
485,487,2,575,600,1,NULL,NULL,NULL,NULL,4,2,"In Stock!",NULL,"2019-02-05 15:40:01",487,894
486,488,2,576,150,1,NULL,NULL,NULL,NULL,5,13,"In Stock!",NULL,"2019-02-05 15:40:04",488,895
487,489,2,577,1999,1,NULL,NULL,NULL,NULL,5,26,"In Stock!",NULL,"2019-02-05 15:40:06",489,896
488,490,2,578,440,1,NULL,NULL,NULL,NULL,5,24,"In Stock!",NULL,"2019-02-05 15:40:08",490,897
489,491,2,579,1600,1,NULL,NULL,NULL,NULL,5,39,"In Stock!",NULL,"2019-02-05 15:40:10",491,898
490,492,2,580,89,1,NULL,NULL,NULL,NULL,5,6,"In Stock!",NULL,"2019-02-05 15:40:13",492,899
491,493,2,581,59,1,NULL,NULL,NULL,NULL,5,4,"In Stock!",NULL,"2019-02-05 15:40:15",493,900
492,494,2,582,500,1,NULL,NULL,NULL,NULL,5,31,"In Stock!",NULL,"2019-02-05 15:40:17",494,901
493,495,2,583,700,1,NULL,NULL,NULL,NULL,5,9,"In Stock!",NULL,"2019-02-05 15:40:19",495,902
494,496,2,584,1400,1,NULL,NULL,NULL,NULL,5,14,"In Stock!",NULL,"2019-02-05 15:40:22",496,903
495,497,2,585,200,1,NULL,NULL,NULL,NULL,5,7,"In Stock!",NULL,"2019-02-05 15:40:24",497,904
496,498,2,586,649,1,NULL,NULL,NULL,NULL,5,3,"In Stock!",NULL,"2019-02-05 15:40:26",498,905
497,499,2,587,150,1,NULL,NULL,NULL,NULL,5,19,"In Stock!",NULL,"2019-02-05 15:40:28",499,906
498,500,2,588,460,1,NULL,NULL,NULL,NULL,5,32,"In Stock!",NULL,"2019-02-05 15:40:30",500,907
499,501,2,589,5999,1,NULL,NULL,NULL,NULL,0,0,,NULL,"2019-02-05 15:40:33",501,908
500,502,2,590,1000,1,NULL,NULL,NULL,NULL,4,9,"In Stock!",NULL,"2019-02-05 15:40:35",502,909
501,503,2,591,3000,1,NULL,NULL,NULL,NULL,5,14,"In Stock!",NULL,"2019-02-05 15:40:37",503,910
502,504,2,592,3999,1,NULL,NULL,NULL,NULL,5,4,"In Stock!",NULL,"2019-02-05 15:40:39",504,911
503,505,2,593,600,1,NULL,NULL,NULL,NULL,5,12,"In Stock!",NULL,"2019-02-05 15:40:42",505,912
504,506,2,594,4399,1,NULL,NULL,NULL,NULL,0,0,"In Stock!",NULL,"2019-02-05 15:40:44",506,913
505,507,2,595,59,1,NULL,NULL,NULL,NULL,5,6,"In Stock!",NULL,"2019-02-05 15:40:46",507,914
506,508,2,596,1800,1,NULL,NULL,NULL,NULL,3,3,"In Stock!",NULL,"2019-02-05 15:40:48",508,915
507,509,2,597,2999,1,NULL,NULL,NULL,NULL,5,15,"In Stock!",NULL,"2019-02-05 15:40:51",509,916
508,510,2,598,3500,1,NULL,NULL,NULL,NULL,5,11,"In Stock!",NULL,"2019-02-05 15:40:53",510,917
509,511,2,599,1349,1,NULL,NULL,NULL,NULL,5,4,"In Stock!",NULL,"2019-02-05 15:40:55",511,918
510,512,2,600,9750,0,NULL,NULL,NULL,NULL,0,0,"We Can Get It Fast!",NULL,"2019-02-05 15:40:57",512,919
511,513,2,601,410,1,NULL,NULL,NULL,NULL,5,27,"In Stock!",NULL,"2019-02-05 15:41:00",513,920
512,514,2,602,3600,1,NULL,NULL,NULL,NULL,4,11,"In Stock!",NULL,"2019-02-05 15:41:02",514,921
513,515,2,603,600,1,NULL,NULL,NULL,NULL,5,41,"In Stock!",NULL,"2019-02-05 15:41:04",515,922
514,516,2,604,380,1,NULL,NULL,NULL,NULL,5,11,"In Stock!",NULL,"2019-02-05 15:41:06",516,923
515,517,2,605,150,1,NULL,NULL,NULL,NULL,5,17,"In Stock!",NULL,"2019-02-05 15:41:09",517,924
516,518,2,606,1500,1,NULL,NULL,NULL,NULL,4,10,"In Stock!",NULL,"2019-02-05 15:41:11",518,925
517,519,2,607,89,1,NULL,NULL,NULL,NULL,5,2,"In Stock!",NULL,"2019-02-05 15:41:13",519,926
518,520,2,608,49,1,NULL,NULL,NULL,NULL,5,6,"In Stock!",NULL,"2019-02-05 15:41:15",520,927
519,521,2,609,500,1,NULL,NULL,NULL,NULL,5,12,"In Stock!",NULL,"2019-02-05 15:41:17",521,928
520,522,2,610,1500,1,NULL,NULL,NULL,NULL,5,9,"In Stock!",NULL,"2019-02-05 15:41:20",522,929
521,523,2,611,700,1,NULL,NULL,NULL,NULL,5,4,"In Stock!",NULL,"2019-02-05 15:41:22",523,930
522,524,2,612,499,1,NULL,NULL,NULL,NULL,5,23,"In Stock!",NULL,"2019-02-05 15:41:24",524,931
523,525,2,613,1100,1,NULL,NULL,NULL,NULL,0,0,"In Stock!",NULL,"2019-02-05 15:41:27",525,932
524,526,2,614,2299,1,NULL,NULL,NULL,NULL,5,11,"In Stock!",NULL,"2019-02-05 15:41:29",526,933
525,527,2,615,500,1,NULL,NULL,NULL,NULL,5,2,"In Stock!",NULL,"2019-02-05 15:41:31",527,934
526,528,2,616,300,1,NULL,NULL,NULL,NULL,5,13,"In Stock!",NULL,"2019-02-05 15:41:33",528,935
527,529,2,617,1799,1,NULL,NULL,NULL,NULL,5,2,"In Stock!",NULL,"2019-02-05 15:41:35",529,936
528,530,2,618,500,1,NULL,NULL,NULL,NULL,5,7,"In Stock!",NULL,"2019-02-05 15:41:38",530,937
529,531,2,619,900,1,NULL,NULL,NULL,NULL,5,1,"In Stock!",NULL,"2019-02-05 15:41:40",531,938
530,532,2,620,150,1,NULL,NULL,NULL,NULL,4,9,"In Stock!",NULL,"2019-02-05 15:41:42",532,939
531,533,2,621,1000,1,NULL,NULL,NULL,NULL,5,4,"In Stock!",NULL,"2019-02-05 15:41:44",533,940
532,534,2,622,420,1,NULL,NULL,NULL,NULL,5,3,"In Stock!",NULL,"2019-02-05 15:41:46",534,941
533,535,2,623,500,1,NULL,NULL,NULL,NULL,5,2,"In Stock!",NULL,"2019-02-05 15:41:49",535,942
534,536,2,624,649,1,NULL,NULL,NULL,NULL,0,0,"In Stock!",NULL,"2019-02-05 15:41:51",536,943
535,537,2,625,1300,1,NULL,NULL,NULL,NULL,5,2,"In Stock!",NULL,"2019-02-05 15:41:53",537,944
536,538,2,626,300,1,NULL,NULL,NULL,NULL,5,12,"In Stock!",NULL,"2019-02-05 15:41:55",538,945
537,539,2,627,1299,1,NULL,NULL,NULL,NULL,5,1,"In Stock!",NULL,"2019-02-05 15:41:58",539,946
538,540,2,628,53,1,NULL,NULL,NULL,NULL,5,18,"In Stock!",NULL,"2019-02-05 15:42:00",540,947
539,541,2,629,100,1,NULL,NULL,NULL,NULL,5,6,"In Stock!",NULL,"2019-02-05 15:42:02",541,948
540,542,2,630,1900,1,NULL,NULL,NULL,NULL,4,17,"In Stock!",NULL,"2019-02-05 15:42:04",542,949
541,543,2,631,300,1,NULL,NULL,NULL,NULL,5,12,"In Stock!",NULL,"2019-02-05 15:42:07",543,950
542,544,2,632,1199,1,NULL,NULL,NULL,NULL,4,7,"In Stock!",NULL,"2019-02-05 15:42:09",544,951
543,545,2,633,900,0,NULL,NULL,NULL,NULL,0,0,"New Item - Coming Soon!",NULL,"2019-02-05 15:42:11",545,952
544,546,2,634,500,1,NULL,NULL,NULL,NULL,5,12,"In Stock!",NULL,"2019-02-05 15:42:13",546,953
545,547,2,635,1100,1,NULL,NULL,NULL,NULL,0,0,"In Stock!",NULL,"2019-02-05 15:42:15",547,954
546,548,2,636,1999,1,NULL,NULL,NULL,NULL,5,14,"In Stock!",NULL,"2019-02-05 15:42:18",548,955
547,549,2,637,2199,1,NULL,NULL,NULL,NULL,5,4,"In Stock!",NULL,"2019-02-05 15:42:20",549,956
548,550,2,638,299,1,NULL,NULL,NULL,NULL,5,23,"In Stock!",NULL,"2019-02-05 15:42:22",550,957
549,551,2,639,600,1,NULL,NULL,NULL,NULL,0,0,"In Stock!",NULL,"2019-02-05 15:42:24",551,958
550,552,2,640,500,1,NULL,NULL,NULL,NULL,5,23,"In Stock!",NULL,"2019-02-05 15:42:27",552,959
551,553,2,641,900,1,NULL,NULL,NULL,NULL,5,8,"In Stock!",NULL,"2019-02-05 15:42:29",553,960
552,554,2,642,820,1,NULL,NULL,NULL,NULL,5,14,"In Stock!",NULL,"2019-02-05 15:42:31",554,961
553,555,2,643,500,1,NULL,NULL,NULL,NULL,5,13,"In Stock!",NULL,"2019-02-05 15:42:33",555,962
554,556,2,644,300,1,NULL,NULL,NULL,NULL,5,8,"In Stock!",NULL,"2019-02-05 15:42:36",556,963
555,557,2,645,370,1,NULL,NULL,NULL,NULL,5,12,"In Stock!",NULL,"2019-02-05 15:42:38",557,964
556,558,2,646,300,1,NULL,NULL,NULL,NULL,5,6,"In Stock!",NULL,"2019-02-05 15:42:40",558,965
557,559,2,647,1300,1,NULL,NULL,NULL,NULL,5,11,"In Stock!",NULL,"2019-02-05 15:42:42",559,966
558,560,2,648,2915,1,NULL,NULL,NULL,NULL,5,3,"In Stock!",NULL,"2019-02-05 15:42:44",560,967
559,561,2,649,2915,1,NULL,NULL,NULL,NULL,5,7,"In Stock!",NULL,"2019-02-05 15:42:47",561,968
560,562,2,650,385,1,NULL,NULL,NULL,NULL,5,4,"In Stock!",NULL,"2019-02-05 15:42:49",562,969
561,563,2,651,1799,1,NULL,NULL,NULL,NULL,4,3,"In Stock!",NULL,"2019-02-05 15:42:51",563,970
562,564,2,652,2915,1,NULL,NULL,NULL,NULL,5,4,"In Stock!",NULL,"2019-02-05 15:42:53",564,971
563,565,2,653,515,1,NULL,NULL,NULL,NULL,5,4,"In Stock!",NULL,"2019-02-05 15:42:56",565,972
564,566,2,654,1000,0,NULL,NULL,NULL,NULL,5,8,"Available Soon",NULL,"2019-02-05 15:42:58",566,973
565,567,2,655,49,1,NULL,NULL,NULL,NULL,5,2,"In Stock!",NULL,"2019-02-05 15:43:00",567,974
566,568,2,656,600,1,NULL,NULL,NULL,NULL,5,2,"In Stock!",NULL,"2019-02-05 15:43:02",568,975
567,569,2,657,300,1,NULL,NULL,NULL,NULL,4,22,"In Stock!",NULL,"2019-02-05 15:43:05",569,976
568,570,2,658,300,1,NULL,NULL,NULL,NULL,5,4,"In Stock!",NULL,"2019-02-05 15:43:07",570,977
569,571,2,659,999,1,NULL,NULL,NULL,NULL,5,14,"In Stock!",NULL,"2019-02-05 15:43:09",571,978
570,572,2,660,5950,0,NULL,NULL,NULL,NULL,0,0,"We Can Get It Fast!",NULL,"2019-02-05 15:43:11",572,979
571,573,2,661,1000,1,NULL,NULL,NULL,NULL,3,2,"In Stock!",NULL,"2019-02-05 15:43:13",573,980
572,574,2,662,5499,0,NULL,NULL,NULL,NULL,0,0,"Special Order",NULL,"2019-02-05 15:43:16",574,981
573,575,2,663,520,1,NULL,NULL,NULL,NULL,4,11,"In Stock!",NULL,"2019-02-05 15:43:18",575,982
574,576,2,664,60,1,NULL,NULL,NULL,NULL,0,0,"In Stock!",NULL,"2019-02-05 15:43:20",576,983
575,577,2,665,35,1,NULL,NULL,NULL,NULL,0,0,"In Stock!",NULL,"2019-02-05 15:43:23",577,984
576,578,2,666,165,1,NULL,NULL,NULL,NULL,5,4,"In Stock!",NULL,"2019-02-05 15:43:25",578,985
577,579,2,667,110,1,NULL,NULL,NULL,NULL,0,0,"In Stock!",NULL,"2019-02-05 15:43:27",579,986
578,580,2,668,249,1,NULL,NULL,NULL,NULL,0,0,"In Stock!",NULL,"2019-02-05 15:43:29",580,987
579,581,2,669,499,1,NULL,NULL,NULL,NULL,4,7,"In Stock!",NULL,"2019-02-05 15:43:31",581,988
580,582,2,670,2564,1,NULL,NULL,NULL,NULL,5,26,"In Stock!",NULL,"2019-02-05 15:43:34",582,989
581,583,2,671,630,1,NULL,NULL,NULL,NULL,5,7,"In Stock!",NULL,"2019-02-05 15:43:36",583,990
582,584,2,672,1699,1,NULL,NULL,NULL,NULL,0,0,"In Stock!",NULL,"2019-02-05 15:43:38",584,991
583,585,2,673,159,1,NULL,NULL,NULL,NULL,4,4,"In Stock!",NULL,"2019-02-05 15:43:40",585,992
584,586,2,674,53,1,NULL,NULL,NULL,NULL,4,4,"In Stock!",NULL,"2019-02-05 15:43:43",586,993
585,587,2,675,144,1,NULL,NULL,NULL,NULL,4,2,"In Stock!",NULL,"2019-02-05 15:43:45",587,994
586,588,2,676,249,1,NULL,NULL,NULL,NULL,0,0,"In Stock!",NULL,"2019-02-05 15:43:47",588,995
587,589,2,677,279,1,NULL,NULL,NULL,NULL,5,3,"In Stock!",NULL,"2019-02-05 15:43:49",589,996
588,590,2,678,300,0,NULL,NULL,NULL,NULL,0,0,"New Item - Coming Soon!",NULL,"2019-02-05 15:43:51",590,997
589,591,2,679,1500,1,NULL,NULL,NULL,NULL,0,0,"In Stock!",NULL,"2019-02-05 15:43:54",591,998
590,592,2,680,1500,1,NULL,NULL,NULL,NULL,0,0,"In Stock!",NULL,"2019-02-05 15:43:56",592,999
591,593,2,681,300,1,NULL,NULL,NULL,NULL,4,3,"In Stock!",NULL,"2019-02-05 15:43:58",593,1000
592,594,2,682,750,0,NULL,NULL,NULL,NULL,0,0,"New Item - Coming Soon!",NULL,"2019-02-05 15:44:01",594,1001
593,595,2,683,750,0,NULL,NULL,NULL,NULL,0,0,"New Item - Coming Soon!",NULL,"2019-02-05 15:44:03",595,1002
594,596,2,684,750,0,NULL,NULL,NULL,NULL,0,0,"New Item - Coming Soon!",NULL,"2019-02-05 15:44:05",596,1003
595,597,2,685,750,1,NULL,NULL,NULL,NULL,5,6,"In Stock!",NULL,"2019-02-05 15:44:07",597,1004
596,598,2,686,54,1,NULL,NULL,NULL,NULL,3,4,"In Stock!",NULL,"2019-02-05 15:44:10",598,1005
597,599,2,687,380,1,NULL,NULL,NULL,NULL,5,7,"In Stock!",NULL,"2019-02-05 15:44:12",599,1006
598,600,2,688,300,0,NULL,NULL,NULL,NULL,0,0,"New Item - Coming Soon!",NULL,"2019-02-05 15:44:14",600,1007
599,601,2,689,663,1,NULL,NULL,NULL,NULL,0,0,"In Stock!",NULL,"2019-02-05 15:44:16",601,1008
600,602,2,690,650,1,NULL,NULL,NULL,NULL,0,0,"In Stock!",NULL,"2019-02-05 15:44:19",602,1009
601,603,2,691,2700,1,NULL,NULL,NULL,NULL,5,1,"In Stock!",NULL,"2019-02-05 15:44:21",603,1010
602,604,2,692,35000,1,NULL,NULL,NULL,NULL,0,0,"In Stock!",NULL,"2019-02-05 15:44:23",604,1011
603,605,2,693,1399,1,NULL,NULL,NULL,NULL,0,0,"In Stock!",NULL,"2019-02-05 15:44:25",605,1012
604,606,2,694,1399,1,NULL,NULL,NULL,NULL,0,0,"In Stock!",NULL,"2019-02-05 15:44:28",606,1013
605,607,2,695,1399,1,NULL,NULL,NULL,NULL,0,0,"In Stock!",NULL,"2019-02-05 15:44:30",607,1014
606,608,2,696,1500,0,NULL,NULL,NULL,NULL,5,6,"Arriving Soon",NULL,"2019-02-05 15:44:32",608,1015
607,609,2,697,7999,0,NULL,NULL,NULL,NULL,5,12,,NULL,"2019-02-05 15:44:34",609,1016
608,610,2,698,400,0,NULL,NULL,NULL,NULL,5,14,"More On The Way",NULL,"2019-02-05 15:44:37",610,1017
609,611,2,699,1000,0,NULL,NULL,NULL,NULL,5,5,"Available Soon",NULL,"2019-02-05 15:44:39",611,1018
610,612,2,700,599,0,NULL,NULL,NULL,NULL,5,3,"Available Soon",NULL,"2019-02-05 15:44:41",612,1019
611,613,2,701,400,0,NULL,NULL,NULL,NULL,5,23,"Available Soon",NULL,"2019-02-05 15:44:43",613,1020
612,614,2,702,2799,1,NULL,NULL,NULL,NULL,5,29,"In Stock!",NULL,"2019-02-05 15:44:45",614,1021
613,615,2,703,1900,0,NULL,NULL,NULL,NULL,4,5,"Arriving Soon",NULL,"2019-02-05 15:44:48",615,1022
614,616,2,704,300,0,NULL,NULL,NULL,NULL,4,13,"Arriving Soon",NULL,"2019-02-05 15:44:50",616,1023
615,617,2,705,2299,1,NULL,NULL,NULL,NULL,5,5,"In Stock!",NULL,"2019-02-05 15:44:52",617,1024
616,618,2,706,1000,0,NULL,NULL,NULL,NULL,5,1,"Arriving Soon",NULL,"2019-02-05 15:44:54",618,1025
617,619,2,707,550,0,NULL,NULL,NULL,NULL,4,12,"Arriving Soon",NULL,"2019-02-05 15:44:57",619,1026
618,620,2,708,1799,0,NULL,NULL,NULL,NULL,5,7,"Arriving Soon",NULL,"2019-02-05 15:44:59",620,1027
619,621,2,709,1599,0,NULL,NULL,NULL,NULL,0,0,"Arriving Soon",NULL,"2019-02-05 15:45:01",621,1028
620,622,2,710,1999,0,NULL,NULL,NULL,NULL,5,7,"Available Soon",NULL,"2019-02-05 15:45:04",622,1029
621,623,2,711,2299,0,NULL,NULL,NULL,NULL,5,8,"We Can Get It Fast!",NULL,"2019-02-05 15:45:06",623,1030
622,624,2,712,299,0,NULL,NULL,NULL,NULL,5,1,"Available Tomorrow (February 5)",NULL,"2019-02-05 15:45:08",624,1031
623,625,2,713,1299,0,NULL,NULL,NULL,NULL,5,1,"Available Soon",NULL,"2019-02-05 15:45:11",625,1032
624,626,2,714,59,0,NULL,NULL,NULL,NULL,0,0,"More On The Way",NULL,"2019-02-05 15:45:13",626,1033
625,627,2,715,59,0,NULL,NULL,NULL,NULL,0,0,"More On The Way",NULL,"2019-02-05 15:45:15",627,1034
626,628,2,716,420,0,NULL,NULL,NULL,NULL,4,3,"Available Soon",NULL,"2019-02-05 15:45:18",628,1035
627,629,2,717,299,0,NULL,NULL,NULL,NULL,0,0,"We Can Get It Fast!",NULL,"2019-02-05 15:45:20",629,1036
628,630,2,718,350,0,NULL,NULL,NULL,NULL,5,9,"Arriving Soon",NULL,"2019-02-05 15:45:22",630,1037
629,631,2,719,999,0,NULL,NULL,NULL,NULL,0,0,"Special Order",NULL,"2019-02-05 15:45:24",631,1038
630,632,2,720,599,0,NULL,NULL,NULL,NULL,5,1,"We Can Get It Fast!",NULL,"2019-02-05 15:45:26",632,1039
631,633,2,721,9999,0,NULL,NULL,NULL,NULL,0,0,"We Can Get It Fast!",NULL,"2019-02-05 15:45:29",633,1040
632,634,2,722,1099,0,NULL,NULL,NULL,NULL,0,0,"We Can Get It Fast!",NULL,"2019-02-05 15:45:31",634,1041
633,635,2,723,1099,0,NULL,NULL,NULL,NULL,0,0,"We Can Get It Fast!",NULL,"2019-02-05 15:45:33",635,1042
634,636,2,724,750,0,NULL,NULL,NULL,NULL,0,0,"New Item - Coming Soon!",NULL,"2019-02-05 15:45:35",636,1043
635,637,2,725,999,0,NULL,NULL,NULL,NULL,0,0,"Special Order",NULL,"2019-02-05 15:45:38",637,1044
636,638,2,726,3495,0,NULL,NULL,NULL,NULL,5,8,"Arriving Soon",NULL,"2019-02-05 15:45:40",638,1045
637,639,2,727,1929,0,NULL,NULL,NULL,NULL,0,0,"Special Order",NULL,"2019-02-05 15:45:42",639,1046
638,640,2,728,1149,0,NULL,NULL,NULL,NULL,0,0,"Special Order",NULL,"2019-02-05 15:45:44",640,1047
639,641,2,729,1399,0,NULL,NULL,NULL,NULL,0,0,"We Can Get It Fast!",NULL,"2019-02-05 15:45:47",641,1048
640,642,2,730,1000,0,NULL,NULL,NULL,NULL,0,0,"More On The Way",NULL,"2019-02-05 15:45:49",642,1049
641,643,2,731,1000,0,NULL,NULL,NULL,NULL,0,0,"More On The Way",NULL,"2019-02-05 15:45:51",643,1050
642,644,1,732,80,0,"Pirates Rock Apparel","[!Error: shipped_by Not Found]",4,0,0,0,"Only 9 left in stock - order soon.",02128,"2019-02-05 19:22:36",644,755
643,645,1,733,300,1,Audiosavings,"[!Error: shipped_by Not Found]",0,0,0,0,"In Stock.",02128,"2019-02-05 19:22:40",645,756
644,646,1,734,144,0,GearTree,"[!Error: shipped_by Not Found]",0,0,0,0,"Only 3 left in stock - order soon.",02128,"2019-02-05 19:23:06",646,760
645,647,1,735,0,0,"[!Error: seller Could Not Parse]","
    


    
    
        




    


    

    
    
    
    
    
    
    
        
    
    

        
        
        
        
        
        

        
            
        

        







        



    

",0,0,0,0,"Available from these sellers.",02128,"2019-02-05 19:23:18",647,761
646,648,1,736,500,0,"Front Row Electronics","[!Error: shipped_by Not Found]",0,0,3,1,"Only 12 left in stock - order soon.",02128,"2019-02-05 19:23:23",648,762
647,649,1,737,215,0,Audiosavings,"[!Error: shipped_by Not Found]",0,0,0,0,"Only 1 left in stock - order soon.",02128,"2019-02-05 19:23:28",649,763
648,650,1,738,500,0,"Front Row Electronics","[!Error: shipped_by Not Found]",0,0,0,0,"Only 12 left in stock - order soon.",02128,"2019-02-05 19:23:33",650,764
649,651,1,739,0,0,"Front Row Electronics","[!Error: shipped_by Not Found]",0,0,5,1,"Only 11 left in stock - order soon.",02128,"2019-02-05 19:23:57",651,766
651,653,1,741,440,0,"Photo Savings","[!Error: shipped_by Not Found]",0,0,0,0,"Only 3 left in stock - order soon.",02128,"2019-02-05 19:24:06",653,768
652,654,1,742,259,0,GearTree,"[!Error: shipped_by Not Found]",0,0,0,0,"Only 5 left in stock - order soon.",02128,"2019-02-05 19:24:11",654,769
653,655,1,743,290,0,Audiosavings,"[!Error: shipped_by Not Found]",0,0,5,3,"Only 1 left in stock - order soon.",02128,"2019-02-05 19:24:30",655,776
654,656,1,744,0,0,"[!Error: seller Could Not Parse]","
    


    
    
        




    


    

    
    
    
    
    
    
    
        
    
    

        
        
        
        
        
        

        
            
        

        







        



    

",0,8,4,17,"Available from these sellers.",02128,"2019-02-05 19:24:35",656,777
655,657,1,745,450,0,GearTree,"[!Error: shipped_by Not Found]",0,0,5,1,"Only 1 left in stock - order soon.",02128,"2019-02-05 19:24:40",657,778
656,658,1,746,199,0,GearTree,"[!Error: shipped_by Not Found]",0,0,0,0,"Only 1 left in stock - order soon.",02128,"2019-02-05 19:25:03",658,779
657,659,1,747,225,0,Audiosavings,"[!Error: shipped_by Not Found]",0,0,0,0,"Only 3 left in stock - order soon.",02128,"2019-02-05 19:25:08",659,780
658,660,1,748,0,0,"[!Error: seller Could Not Parse]","
    


    
    
        




    


    

    
    
    
    
    
    
    
        
    
    

        
        
        
        
        
        

        
            
        

        







        



    

",0,0,3,4,"Available from these sellers.",02128,"2019-02-05 19:25:13",660,781
659,661,1,749,107,0,"Ally Commerce","[!Error: shipped_by Not Found]",0,0,0,0,"Only 2 left in stock - order soon.",02128,"2019-02-05 19:25:19",661,782
660,662,1,750,0,0,"[!Error: seller Could Not Parse]","
    


    
    
        




    


    

    
    
    
    
    
    
    
        
    
    

        
        
        
        
        
        

        
            
        

        







        



    

",0,0,0,0,"Available from these sellers.",02128,"2019-02-05 19:25:24",662,783
661,663,1,751,499,0,Amazon.com,Amazon.com,0,12,4,19,"Only 8 left in stock (more on the way).",02128,"2019-02-05 19:25:59",663,784
662,665,1,753,259,0,GearTree,"[!Error: shipped_by Not Found]",0,0,0,0,"Only 7 left in stock - order soon.",02128,"2019-02-05 19:28:00",665,789
663,666,1,754,89,0,GearTree,"[!Error: shipped_by Not Found]",0,0,0,0,"Only 4 left in stock - order soon.",02128,"2019-02-05 19:28:04",666,790
665,668,1,756,0,0,Amazon.com,Amazon.com,0,0,5,2,"Only 3 left in stock (more on the way).",02128,"2019-02-05 19:28:14",668,792
666,669,1,757,165,0,GearTree,"[!Error: shipped_by Not Found]",0,0,0,0,"Only 2 left in stock - order soon.",02128,"2019-02-05 19:30:39",669,793
667,670,1,758,1000,0,"Adorama Camera","[!Error: shipped_by Not Found]",0,0,0,0,"Only 2 left in stock - order soon.",location,"2019-02-05 19:30:44",670,794
668,671,1,759,340,0,"Quantum Networks",Amazon.com,0,0,5,1,"Only 5 left in stock - order soon.",02128,"2019-02-05 19:30:49",671,795
669,672,1,760,900,0,GearTree,"[!Error: shipped_by Not Found]",0,0,0,0,"Only 1 left in stock - order soon.",02128,"2019-02-05 19:32:26",672,796
670,673,1,761,85,1,"Pirates Rock Apparel","[!Error: shipped_by Not Found]",3,0,0,0,"In Stock.",02128,"2019-02-05 19:32:30",673,797
671,674,1,762,300,1,Amazon.com,Amazon.com,0,0,5,1,"In Stock.",02128,"2019-02-05 19:32:36",674,803
672,675,1,763,0,0,"[!Error: seller Could Not Parse]","
    


    
    
        




    


    

    
    
    
    
    
    
    
        
    
    

        
        
        
        
        
        

        
            
        

        







        



    

",0,8,4,10,"Available from these sellers.",02128,"2019-02-05 19:33:24",675,804
673,676,1,764,410,0,Amazon.com,Amazon.com,0,72,4,78,"Only 17 left in stock (more on the way).",02128,"2019-02-05 19:33:29",676,805
674,677,1,765,990,0,Amazon.com,Amazon.com,0,0,5,1,"Only 1 left in stock (more on the way).",02128,"2019-02-05 19:33:34",677,807
675,678,1,766,0,0,"[!Error: seller Could Not Parse]","
    


    
    
        




    


    

    
    
    
    
    
    
    
        
    
    

        
        
        
        
        
        

        
            
        

        







        



    

",0,0,5,6,"Available from these sellers.",02128,"2019-02-05 19:34:19",678,809
676,679,1,767,699,0,Kraft-Music,"[!Error: shipped_by Not Found]",0,0,5,3,"Only 1 left in stock - order soon.",02128,"2019-02-05 19:34:24",679,810
677,680,1,768,250,1,Audiosavings,"[!Error: shipped_by Not Found]",0,0,0,0,"In Stock.",02128,"2019-02-05 19:36:18",680,811
679,682,1,770,749,0,"Alto Music","[!Error: shipped_by Not Found]",0,0,5,3,"Only 5 left in stock - order soon.",02128,"2019-02-05 19:36:28",682,814
680,683,1,771,300,0,"Photo Savings",Amazon.com,0,0,0,0,"Only 1 left in stock - order soon.",02128,"2019-02-05 19:36:33",683,818
684,687,1,775,235,0,Audiosavings,"[!Error: shipped_by Not Found]",0,0,5,3,"Only 1 left in stock - order soon.",02128,"2019-02-05 19:37:41",687,822
685,688,1,776,300,0,"Quantum Networks",Amazon.com,0,0,0,0,"Only 3 left in stock - order soon.",02128,"2019-02-05 19:38:09",688,823
686,689,1,777,50,0,"Russo Music Center","[!Error: shipped_by Not Found]",0,0,0,0,"Only 15 left in stock - order soon.",02128,"2019-02-05 19:39:30",689,824
687,690,1,778,300,0,"Focus Camera LLC","[!Error: shipped_by Not Found]",0,0,0,0,"Only 3 left in stock - order soon.",02128,"2019-02-05 19:39:35",690,825
689,692,1,780,0,0,"[!Error: seller Could Not Parse]","
    


    
    
        




    


    

    
    
    
    
    
    
    
        
    
    

        
        
        
        
        
        

        
            
        

        







        



    

",0,0,0,0,"Currently unavailable. We don't know when or if this item will be back in stock.",02128,"2019-02-05 19:39:56",692,828
690,693,1,781,0,0,"Zorro Sounds","[!Error: shipped_by Not Found]",0,0,0,0,"Only 1 left in stock - order soon.",02128,"2019-02-05 19:40:01",693,834
691,694,1,782,0,0,EverythingMusic,"[!Error: shipped_by Not Found]",0,0,0,0,"Only 5 left in stock - order soon.",02128,"2019-02-05 19:40:06",694,835
692,695,1,783,0,0,EverythingMusic,"[!Error: shipped_by Not Found]",0,0,0,0,"Only 5 left in stock - order soon.",02128,"2019-02-05 19:40:11",695,836
693,696,1,784,630,0,EverythingMusic,"[!Error: shipped_by Not Found]",0,0,0,0,"Only 5 left in stock - order soon.",02128,"2019-02-05 19:40:15",696,837
694,697,1,785,0,0,EverythingMusic,"[!Error: shipped_by Not Found]",0,0,0,0,"Only 5 left in stock - order soon.",02128,"2019-02-05 19:40:21",697,838
695,698,1,786,249,0,GearTree,"[!Error: shipped_by Not Found]",0,0,0,0,"Only 1 left in stock - order soon.",02128,"2019-02-05 19:40:26",698,839
696,699,1,787,450,0,"Front Row Electronics","[!Error: shipped_by Not Found]",0,0,0,0,"Only 2 left in stock - order soon.",02128,"2019-02-05 19:40:31",699,840
698,701,1,789,372,0,GearTree,"[!Error: shipped_by Not Found]",0,0,0,0,"Only 1 left in stock - order soon.",location,"2019-02-05 19:40:53",701,842
699,702,1,790,399,0,GearTree,"[!Error: shipped_by Not Found]",0,0,0,0,"Only 2 left in stock - order soon.",02128,"2019-02-05 19:40:58",702,848
700,703,1,791,0,0,"Vintage King Audio","[!Error: shipped_by Not Found]",0,0,0,0,"Only 1 left in stock - order soon.",02128,"2019-02-05 19:41:02",703,849
701,704,1,792,600,0,EverythingMusic,"[!Error: shipped_by Not Found]",0,0,0,0,"Only 5 left in stock - order soon.",02128,"2019-02-05 19:41:59",704,852
703,706,1,794,649,0,"Front Row Electronics","[!Error: shipped_by Not Found]",0,0,0,0,"Only 7 left in stock - order soon.",02128,"2019-02-05 19:42:09",706,854
706,709,1,797,0,0,"[!Error: seller Could Not Parse]","
    


    
    
        




    


    

    
    
    
    
    
    
    
        
    
    

        
        
        
        
        
        

        
            
        

        







        



    

",0,0,0,0,"Available from these sellers.",02128,"2019-02-05 19:42:23",709,857
709,712,1,800,649,0,EverythingMusic,"[!Error: shipped_by Not Found]",0,0,0,0,"Only 5 left in stock - order soon.",02128,"2019-02-05 19:44:17",712,860
